aileron,elevator,rudder,flaps,slats,speedbrake,throttle,throttle,engine-pump,engine-pump,electric-pump,electric-pump,external-power,APU-generator,latitude-deg,longitude-deg,altitude-ft,roll-deg,pitch-deg,heading-deg,side-slip-deg,airspeed-kt,glideslope,vertical-speed-fps,airspeed-indicator_indicated-speed-kt,altimeter_indicated-altitude-ft,altimeter_pressure-alt-ft,attitude-indicator_indicated-pitch-deg,attitude-indicator_indicated-roll-deg,attitude-indicator_internal-pitch-deg,attitude-indicator_internal-roll-deg,encoder_indicated-altitude-ft,encoder_pressure-alt-ft,gps_indicated-altitude-ft,gps_indicated-ground-speed-kt,gps_indicated-vertical-speed,indicated-heading-deg,magnetic-compass_indicated-heading-deg,slip-skid-ball_indicated-slip-skid,turn-indicator_indicated-turn-rate,vertical-speed-indicator_indicated-speed-fpm,engine_rpm
0.000000,0.000000,0.000000,0.000000,0.000000,0.000000,0.000000,0.000000,0,0,0,0,0,0,63.9850442067,-22.5924836484,-9999.000000,0.000000,0.424000,270.021362,0.000000,0.000000,0.000000,0.000000,0.000000,0.000000,0.000000,0.000000,0.000000,0.000000,0.000000,0.000000,0.000000,0.000000,0.000000,0.000000,0.000000,0.000000,0.000000,0.000000,0.000000,0.000000
0.000000,0.000000,0.000000,0.000000,0.000000,0.000000,0.000000,0.000000,0,0,0,0,0,0,63.9850442067,-22.5924836484,-9999.000000,0.000000,0.424000,270.021362,0.000000,0.000000,0.000000,0.000000,0.000000,0.000000,1.193444,12.000000,40.000000,0.000000,0.000000,0.000000,0.000000,0.000000,0.000000,0.000000,270.021362,0.000000,0.000000,0.000000,0.000000,0.000000
0.000000,0.000000,0.000000,0.000000,0.000000,0.000000,0.000000,0.000000,0,0,0,0,0,0,63.9918353378,-22.6054255528,-9999.000000,0.000000,0.424000,180.018387,0.000000,0.000000,0.000000,0.000000,0.000000,0.000000,1.193444,12.000000,40.000000,0.000000,0.000000,0.000000,0.000000,0.000000,0.000000,0.000000,270.021362,0.000000,0.000000,0.000000,0.000000,0.000000
0.000000,0.000000,0.000000,0.000000,0.000000,0.000000,0.000000,0.000000,0,0,0,0,0,0,63.9918353378,-22.6054255528,-9999.000000,0.000000,0.424000,180.018387,0.000000,0.000000,0.000000,0.000000,0.000000,0.000000,1.193444,12.000000,40.000000,0.000000,0.000000,0.000000,0.000000,0.000000,0.000000,0.000000,270.021362,0.000000,0.000000,0.000000,0.000000,0.000000
0.000000,0.000000,0.000000,0.000000,0.000000,0.000000,0.000000,0.000000,0,0,0,0,0,0,63.9918353378,-22.6054255528,-9999.000000,0.000000,0.424000,180.018387,0.000000,0.000000,0.000000,0.000000,0.000000,0.000000,1.193444,12.000000,40.000000,0.000000,0.000000,0.000000,0.000000,0.000000,0.000000,0.000000,270.021362,0.000000,0.000000,0.000000,0.000000,0.000000
0.000000,0.000000,0.000000,0.000000,0.000000,0.000000,0.000000,0.000000,0,0,0,0,0,0,63.9918353378,-22.6054255528,-9999.000000,0.000000,0.424000,180.018387,0.000000,0.000000,0.000000,0.000000,0.000000,0.000000,1.193444,12.000000,40.000000,0.000000,0.000000,0.000000,0.000000,0.000000,0.000000,0.000000,270.021362,0.000000,0.000000,0.000000,0.000000,0.000000
0.000000,0.000000,0.000000,0.000000,0.000000,0.000000,0.000000,0.000000,0,0,0,0,0,0,63.9918353378,-22.6054255528,-9999.000000,0.000000,0.424000,180.018387,0.000000,0.000000,0.000000,0.000000,0.000000,0.000000,1.193444,12.000000,40.000000,0.000000,0.000000,0.000000,0.000000,0.000000,0.000000,0.000000,270.021362,0.000000,0.000000,0.000000,0.000000,0.000000
0.000000,0.000000,0.000000,0.000000,0.000000,0.000000,0.000000,0.000000,0,0,0,0,0,0,63.9918353378,-22.6054255528,-9999.000000,0.000000,0.424000,180.018387,0.000000,0.000000,0.000000,0.000000,0.000000,0.000000,1.193444,12.000000,40.000000,0.000000,0.000000,0.000000,0.000000,0.000000,0.000000,0.000000,270.021362,0.000000,0.000000,0.000000,0.000000,0.000000
0.000000,0.000000,0.000000,0.000000,0.000000,0.000000,0.000000,0.000000,0,0,0,0,0,0,63.9918353378,-22.6054255528,-9999.000000,0.000000,0.424000,180.018387,0.000000,0.000000,0.000000,0.000000,0.000000,0.000000,1.193444,12.000000,40.000000,0.000000,0.000000,0.000000,0.000000,0.000000,0.000000,0.000000,270.021362,0.000000,0.000000,0.000000,0.000000,0.000000
0.000000,0.000000,0.000000,0.000000,0.000000,0.000000,0.000000,0.000000,0,0,0,0,0,0,63.9918353378,-22.6054255528,-9999.000000,0.000000,0.424000,180.018387,0.000000,0.000000,0.000000,0.000000,0.000000,0.000000,1.193444,12.000000,40.000000,0.000000,0.000000,0.000000,0.000000,0.000000,0.000000,0.000000,270.021362,0.000000,0.000000,0.000000,0.000000,0.000000
0.000000,0.000000,0.000000,0.000000,0.000000,0.000000,0.000000,0.000000,0,0,0,0,0,0,63.9918353378,-22.6054255528,-9999.000000,0.000000,0.424000,180.018387,0.000000,0.000000,0.000000,0.000000,0.000000,0.000000,1.193444,12.000000,40.000000,0.000000,0.000000,0.000000,0.000000,0.000000,0.000000,0.000000,270.021362,0.000000,0.000000,0.000000,0.000000,0.000000
0.000000,0.000000,0.000000,0.000000,0.000000,0.000000,0.000000,0.000000,0,0,0,0,0,0,63.9918353378,-22.6054255528,-9999.000000,0.000000,0.424000,180.018387,0.000000,0.000000,0.000000,0.000000,0.000000,0.000000,1.193444,12.000000,40.000000,0.000000,0.000000,0.000000,0.000000,0.000000,0.000000,0.000000,270.021362,0.000000,0.000000,0.000000,0.000000,0.000000
0.000000,0.000000,0.000000,0.000000,0.000000,0.000000,0.000000,0.000000,0,0,0,0,0,0,63.9918353378,-22.6054255528,-9999.000000,0.000000,0.424000,180.018387,0.000000,0.000000,0.000000,0.000000,0.000000,0.000000,1.193444,12.000000,40.000000,0.000000,0.000000,0.000000,0.000000,0.000000,0.000000,0.000000,270.021362,0.000000,0.000000,0.000000,0.000000,0.000000
0.000000,0.000000,0.000000,0.000000,0.000000,0.000000,0.000000,0.000000,0,0,0,0,0,0,63.9918353378,-22.6054255528,-9999.000000,0.000000,0.424000,180.018387,0.000000,0.000000,0.000000,0.000000,0.000000,0.000000,1.193444,12.000000,40.000000,0.000000,0.000000,0.000000,0.000000,0.000000,0.000000,0.000000,270.021362,0.000000,0.000000,0.000000,0.000000,0.000000
0.000000,0.000000,0.000000,0.000000,0.000000,0.000000,0.000000,0.000000,0,0,0,0,0,0,63.9918353378,-22.6054255528,-9999.000000,0.000000,0.424000,180.018387,0.000000,0.000000,0.000000,0.000000,0.000000,0.000000,1.193444,12.000000,40.000000,0.000000,0.000000,0.000000,0.000000,0.000000,0.000000,0.000000,270.021362,0.000000,0.000000,0.000000,0.000000,0.000000
0.000000,0.000000,0.000000,0.000000,0.000000,0.000000,0.000000,0.000000,0,0,0,0,0,0,63.9918353378,-22.6054255528,-9999.000000,0.000000,0.424000,180.018387,0.000000,0.000000,0.000000,0.000000,0.000000,0.000000,1.193444,12.000000,40.000000,0.000000,0.000000,0.000000,0.000000,0.000000,0.000000,0.000000,270.021362,0.000000,0.000000,0.000000,0.000000,0.000000
0.000000,0.000000,0.000000,0.000000,0.000000,0.000000,0.000000,0.000000,0,0,0,0,0,0,63.9918353378,-22.6054255528,-9999.000000,0.000000,0.424000,180.018387,0.000000,0.000000,0.000000,0.000000,0.000000,0.000000,1.193444,12.000000,40.000000,0.000000,0.000000,0.000000,0.000000,0.000000,0.000000,0.000000,270.021362,0.000000,0.000000,0.000000,0.000000,0.000000
0.000000,0.000000,0.000000,0.000000,0.000000,0.000000,0.000000,0.000000,0,0,0,0,0,0,63.9918353378,-22.6054255528,-9999.000000,0.000000,0.424000,180.018387,0.000000,0.000000,0.000000,0.000000,0.000000,0.000000,1.193444,12.000000,40.000000,0.000000,0.000000,0.000000,0.000000,0.000000,0.000000,0.000000,270.021362,0.000000,0.000000,0.000000,0.000000,0.000000
0.000000,0.000000,0.000000,0.000000,0.000000,0.000000,0.000000,0.000000,0,0,0,0,0,0,63.9918353378,-22.6054255528,-9999.000000,0.000000,0.424000,180.018387,0.000000,0.000000,0.000000,0.000000,0.000000,0.000000,1.193444,12.000000,40.000000,0.000000,0.000000,0.000000,0.000000,0.000000,0.000000,0.000000,270.021362,0.000000,0.000000,0.000000,0.000000,0.000000
0.000000,0.000000,0.000000,0.000000,0.000000,0.000000,0.000000,0.000000,0,0,0,0,0,0,63.9918353378,-22.6054255528,-9999.000000,0.000000,0.424000,180.018387,0.000000,0.000000,0.000000,0.000000,0.000000,0.000000,1.193444,12.000000,40.000000,0.000000,0.000000,0.000000,0.000000,0.000000,0.000000,0.000000,270.021362,0.000000,0.000000,0.000000,0.000000,0.000000
0.000000,0.000000,0.000000,0.000000,0.000000,0.000000,0.000000,0.000000,0,0,0,0,0,0,63.9918353378,-22.6054255528,-9999.000000,0.000000,0.424000,180.018387,0.000000,0.000000,0.000000,0.000000,0.000000,0.000000,1.193444,12.000000,40.000000,0.000000,0.000000,0.000000,0.000000,0.000000,0.000000,0.000000,270.021362,0.000000,0.000000,0.000000,0.000000,0.000000
0.000000,0.000000,0.000000,0.000000,0.000000,0.000000,0.000000,0.000000,0,0,0,0,0,0,63.9918353378,-22.6054255528,-9999.000000,0.000000,0.424000,180.018387,0.000000,0.000000,0.000000,0.000000,0.000000,0.000000,1.193444,12.000000,40.000000,0.000000,0.000000,0.000000,0.000000,0.000000,0.000000,0.000000,270.021362,0.000000,0.000000,0.000000,0.000000,0.000000
0.000000,0.000000,0.000000,0.000000,0.000000,0.000000,0.000000,0.000000,0,0,0,0,0,0,63.9918353378,-22.6054255528,-9999.000000,0.000000,0.424000,180.018387,0.000000,0.000000,0.000000,0.000000,0.000000,0.000000,1.193444,12.000000,40.000000,0.000000,0.000000,0.000000,0.000000,0.000000,0.000000,0.000000,270.021362,0.000000,0.000000,0.000000,0.000000,0.000000
0.000000,0.000000,0.000000,0.000000,0.000000,0.000000,0.000000,0.000000,0,0,0,0,0,0,63.9918353378,-22.6054255528,-9999.000000,0.000000,0.424000,180.018387,0.000000,0.000000,0.000000,0.000000,0.000000,0.000000,1.193444,12.000000,40.000000,0.000000,0.000000,0.000000,0.000000,0.000000,0.000000,0.000000,270.021362,0.000000,0.000000,0.000000,0.000000,0.000000
0.000000,0.000000,0.000000,0.000000,0.000000,0.000000,0.000000,0.000000,0,0,0,0,0,0,63.9918353378,-22.6054255528,-9999.000000,0.000000,0.424000,180.018387,0.000000,0.000000,0.000000,0.000000,0.000000,0.000000,1.193444,12.000000,40.000000,0.000000,0.000000,0.000000,0.000000,0.000000,0.000000,0.000000,270.021362,0.000000,0.000000,0.000000,0.000000,0.000000
0.000000,0.000000,0.000000,0.000000,0.000000,0.000000,0.000000,0.000000,0,0,0,0,0,0,63.9918353378,-22.6054255528,-9999.000000,0.000000,0.424000,180.018387,0.000000,0.000000,0.000000,0.000000,0.000000,0.000000,1.193444,12.000000,40.000000,0.000000,0.000000,0.000000,0.000000,0.000000,0.000000,0.000000,270.021362,0.000000,0.000000,0.000000,0.000000,0.000000
0.000000,0.000000,0.000000,0.000000,0.000000,0.000000,0.000000,0.000000,0,0,0,0,0,0,63.9918353378,-22.6054255528,-9999.000000,0.000000,0.424000,180.018387,0.000000,0.000000,0.000000,0.000000,0.000000,0.000000,1.193444,12.000000,40.000000,0.000000,0.000000,0.000000,0.000000,0.000000,0.000000,0.000000,270.021362,0.000000,0.000000,0.000000,0.000000,0.000000
0.000000,0.000000,0.000000,0.000000,0.000000,0.000000,0.000000,0.000000,0,0,0,0,0,0,63.9918353378,-22.6054255528,-9999.000000,0.000000,0.424000,180.018387,0.000000,0.000000,0.000000,0.000000,0.000000,0.000000,1.193444,12.000000,40.000000,0.000000,0.000000,0.000000,0.000000,0.000000,0.000000,0.000000,270.021362,0.000000,0.000000,0.000000,0.000000,0.000000
0.000000,0.000000,0.000000,0.000000,0.000000,0.000000,0.000000,0.000000,0,0,0,0,0,0,63.9918353378,-22.6054255528,-9999.000000,0.000000,0.424000,180.018387,0.000000,0.000000,0.000000,0.000000,0.000000,0.000000,1.193444,12.000000,40.000000,0.000000,0.000000,0.000000,0.000000,0.000000,0.000000,0.000000,270.021362,0.000000,0.000000,0.000000,0.000000,0.000000
0.000000,0.000000,0.000000,0.000000,0.000000,0.000000,0.000000,0.000000,0,0,0,0,0,0,63.9918353378,-22.6054255528,-9999.000000,0.000000,0.424000,180.018387,0.000000,0.000000,0.000000,0.000000,0.000000,0.000000,1.193444,12.000000,40.000000,0.000000,0.000000,0.000000,0.000000,0.000000,0.000000,0.000000,270.021362,0.000000,0.000000,0.000000,0.000000,0.000000
0.000000,0.000000,0.000000,0.000000,0.000000,0.000000,0.000000,0.000000,0,0,0,0,0,0,63.9918353378,-22.6054255528,-9999.000000,0.000000,0.424000,180.018387,0.000000,0.000000,0.000000,0.000000,0.000000,0.000000,1.193444,12.000000,40.000000,0.000000,0.000000,0.000000,0.000000,0.000000,0.000000,0.000000,270.021362,0.000000,0.000000,0.000000,0.000000,0.000000
0.000000,0.000000,0.000000,0.000000,0.000000,0.000000,0.000000,0.000000,0,0,0,0,0,0,63.9918353378,-22.6054255528,-9999.000000,0.000000,0.424000,180.018387,0.000000,0.000000,0.000000,0.000000,0.000000,0.000000,1.193444,12.000000,40.000000,0.000000,0.000000,0.000000,0.000000,0.000000,0.000000,0.000000,270.021362,0.000000,0.000000,0.000000,0.000000,0.000000
0.000000,0.000000,0.000000,0.000000,0.000000,0.000000,0.000000,0.000000,0,0,0,0,0,0,63.9918353378,-22.6054255528,-9999.000000,0.000000,0.424000,180.018387,0.000000,0.000000,0.000000,0.000000,0.000000,0.000000,1.193444,12.000000,40.000000,0.000000,0.000000,0.000000,0.000000,0.000000,0.000000,0.000000,270.021362,0.000000,0.000000,0.000000,0.000000,0.000000
0.000000,0.000000,0.000000,0.000000,0.000000,0.000000,0.000000,0.000000,0,0,0,0,0,0,63.9918353378,-22.6054255528,-9999.000000,0.000000,0.424000,180.018387,0.000000,0.000000,0.000000,0.000000,0.000000,0.000000,1.193444,12.000000,40.000000,0.000000,0.000000,0.000000,0.000000,0.000000,0.000000,0.000000,270.021362,0.000000,0.000000,0.000000,0.000000,0.000000
0.000000,0.000000,0.000000,0.000000,0.000000,0.000000,0.000000,0.000000,0,0,0,0,0,0,63.9918353378,-22.6054255528,-9999.000000,0.000000,0.424000,180.018387,0.000000,0.000000,0.000000,0.000000,0.000000,0.000000,1.193444,12.000000,40.000000,0.000000,0.000000,0.000000,0.000000,0.000000,0.000000,0.000000,270.021362,0.000000,0.000000,0.000000,0.000000,0.000000
0.000000,0.000000,0.000000,0.000000,0.000000,0.000000,0.000000,0.000000,0,0,0,0,0,0,63.9918353378,-22.6054255528,-9999.000000,0.000000,0.424000,180.018387,0.000000,0.000000,0.000000,0.000000,0.000000,0.000000,1.193444,12.000000,40.000000,0.000000,0.000000,0.000000,0.000000,0.000000,0.000000,0.000000,270.021362,0.000000,0.000000,0.000000,0.000000,0.000000
0.000000,0.000000,0.000000,0.000000,0.000000,0.000000,0.000000,0.000000,0,0,0,0,0,0,63.9918353378,-22.6054255528,-9999.000000,0.000000,0.424000,180.018387,0.000000,0.000000,0.000000,0.000000,0.000000,0.000000,1.193444,12.000000,40.000000,0.000000,0.000000,0.000000,0.000000,0.000000,0.000000,0.000000,270.021362,0.000000,0.000000,0.000000,0.000000,0.000000
0.000000,0.000000,0.000000,0.000000,0.000000,0.000000,0.000000,0.000000,0,0,0,0,0,0,63.9918353378,-22.6054255528,-9999.000000,0.000000,0.424000,180.018387,0.000000,0.000000,0.000000,0.000000,0.000000,0.000000,1.193444,12.000000,40.000000,0.000000,0.000000,0.000000,0.000000,0.000000,0.000000,0.000000,270.021362,0.000000,0.000000,0.000000,0.000000,0.000000
0.000000,0.000000,0.000000,0.000000,0.000000,0.000000,0.000000,0.000000,0,0,0,0,0,0,63.9918353378,-22.6054255528,-9999.000000,0.000000,0.424000,180.018387,0.000000,0.000000,0.000000,0.000000,0.000000,0.000000,1.193444,12.000000,40.000000,0.000000,0.000000,0.000000,0.000000,0.000000,0.000000,0.000000,270.021362,0.000000,0.000000,0.000000,0.000000,0.000000
0.000000,0.000000,0.000000,0.000000,0.000000,0.000000,0.000000,0.000000,0,0,0,0,0,0,63.9918353378,-22.6054255528,-9999.000000,0.000000,0.424000,180.018387,0.000000,0.000000,0.000000,0.000000,0.000000,0.000000,1.193444,12.000000,40.000000,0.000000,0.000000,0.000000,0.000000,0.000000,0.000000,0.000000,270.021362,0.000000,0.000000,0.000000,0.000000,0.000000
0.000000,0.000000,0.000000,0.000000,0.000000,0.000000,0.000000,0.000000,0,0,0,0,0,0,63.9918353378,-22.6054255528,-9999.000000,0.000000,0.424000,180.018387,0.000000,0.000000,0.000000,0.000000,0.000000,0.000000,1.193444,12.000000,40.000000,0.000000,0.000000,0.000000,0.000000,0.000000,0.000000,0.000000,270.021362,0.000000,0.000000,0.000000,0.000000,0.000000
0.000000,0.000000,0.000000,0.000000,0.000000,0.000000,0.000000,0.000000,0,0,0,0,0,0,63.9918353378,-22.6054255528,-9999.000000,0.000000,0.424000,180.018387,0.000000,0.000000,0.000000,0.000000,0.000000,0.000000,1.193444,12.000000,40.000000,0.000000,0.000000,0.000000,0.000000,0.000000,0.000000,0.000000,270.021362,0.000000,0.000000,0.000000,0.000000,0.000000
0.000000,0.000000,0.000000,0.000000,0.000000,0.000000,0.000000,0.000000,0,0,0,0,0,0,63.9918353378,-22.6054255528,-9999.000000,0.000000,0.424000,180.018387,0.000000,0.000000,0.000000,0.000000,0.000000,0.000000,1.193444,12.000000,40.000000,0.000000,0.000000,0.000000,0.000000,0.000000,0.000000,0.000000,270.021362,0.000000,0.000000,0.000000,0.000000,0.000000
0.000000,0.000000,0.000000,0.000000,0.000000,0.000000,0.000000,0.000000,0,0,0,0,0,0,63.9918353378,-22.6054255528,-9999.000000,0.000000,0.424000,180.018387,0.000000,0.000000,0.000000,0.000000,0.000000,0.000000,1.193444,12.000000,40.000000,0.000000,0.000000,0.000000,0.000000,0.000000,0.000000,0.000000,270.021362,0.000000,0.000000,0.000000,0.000000,0.000000
0.000000,0.000000,0.000000,0.000000,0.000000,0.000000,0.000000,0.000000,0,0,0,0,0,0,63.9918353378,-22.6054255528,-9999.000000,0.000000,0.424000,180.018387,0.000000,0.000000,0.000000,0.000000,0.000000,0.000000,1.193444,12.000000,40.000000,0.000000,0.000000,0.000000,0.000000,0.000000,0.000000,0.000000,270.021362,0.000000,0.000000,0.000000,0.000000,0.000000
0.000000,0.000000,0.000000,0.000000,0.000000,0.000000,0.000000,0.000000,0,0,0,0,0,0,63.9918353378,-22.6054255528,-9999.000000,0.000000,0.424000,180.018387,0.000000,0.000000,0.000000,0.000000,0.000000,0.000000,1.193444,12.000000,40.000000,0.000000,0.000000,0.000000,0.000000,0.000000,0.000000,0.000000,270.021362,0.000000,0.000000,0.000000,0.000000,0.000000
0.000000,0.000000,0.000000,0.000000,0.000000,0.000000,0.000000,0.000000,0,0,0,0,0,0,63.9918353378,-22.6054255528,-9999.000000,0.000000,0.424000,180.018387,0.000000,0.000000,0.000000,0.000000,0.000000,0.000000,1.193444,12.000000,40.000000,0.000000,0.000000,0.000000,0.000000,0.000000,0.000000,0.000000,270.021362,0.000000,0.000000,0.000000,0.000000,0.000000
0.000000,0.000000,0.000000,0.000000,0.000000,0.000000,0.000000,0.000000,0,0,0,0,0,0,63.9918353378,-22.6054255528,-9999.000000,0.000000,0.424000,180.018387,0.000000,0.000000,0.000000,0.000000,0.000000,0.000000,1.193444,12.000000,40.000000,0.000000,0.000000,0.000000,0.000000,0.000000,0.000000,0.000000,270.021362,0.000000,0.000000,0.000000,0.000000,0.000000
0.000000,0.000000,0.000000,0.000000,0.000000,0.000000,0.000000,0.000000,0,0,0,0,0,0,63.9918353378,-22.6054255528,-9999.000000,0.000000,0.424000,180.018387,0.000000,0.000000,0.000000,0.000000,0.000000,0.000000,1.193444,12.000000,40.000000,0.000000,0.000000,0.000000,0.000000,0.000000,0.000000,0.000000,270.021362,0.000000,0.000000,0.000000,0.000000,0.000000
0.000000,0.000000,0.000000,0.000000,0.000000,0.000000,0.000000,0.000000,0,0,0,0,0,0,63.9918353378,-22.6054255528,-9999.000000,0.000000,0.424000,180.018387,0.000000,0.000000,0.000000,0.000000,0.000000,0.000000,1.193444,12.000000,40.000000,0.000000,0.000000,0.000000,0.000000,0.000000,0.000000,0.000000,270.021362,0.000000,0.000000,0.000000,0.000000,0.000000
0.000000,0.000000,0.000000,0.000000,0.000000,0.000000,0.000000,0.000000,0,0,0,0,0,0,63.9918353378,-22.6054255528,-9999.000000,0.000000,0.424000,180.018387,0.000000,0.000000,0.000000,0.000000,0.000000,0.000000,1.193444,12.000000,40.000000,0.000000,0.000000,0.000000,0.000000,0.000000,0.000000,0.000000,270.021362,0.000000,0.000000,0.000000,0.000000,0.000000
0.000000,0.000000,0.000000,0.000000,0.000000,0.000000,0.000000,0.000000,0,0,0,0,0,0,63.9918353378,-22.6054255528,-9999.000000,0.000000,0.424000,180.018387,0.000000,0.000000,0.000000,0.000000,0.000000,0.000000,1.193444,12.000000,40.000000,0.000000,0.000000,0.000000,0.000000,0.000000,0.000000,0.000000,270.021362,0.000000,0.000000,0.000000,0.000000,0.000000
0.000000,0.000000,0.000000,0.000000,0.000000,0.000000,0.000000,0.000000,0,0,0,0,0,0,63.9918353378,-22.6054255528,-9999.000000,0.000000,0.424000,180.018387,0.000000,0.000000,0.000000,0.000000,0.000000,0.000000,1.193444,12.000000,40.000000,0.000000,0.000000,0.000000,0.000000,0.000000,0.000000,0.000000,270.021362,0.000000,0.000000,0.000000,0.000000,0.000000
0.000000,0.000000,0.000000,0.000000,0.000000,0.000000,0.000000,0.000000,0,0,0,0,0,0,63.9918353378,-22.6054255528,-9999.000000,0.000000,0.424000,180.018387,0.000000,0.000000,0.000000,0.000000,0.000000,0.000000,1.193444,12.000000,40.000000,0.000000,0.000000,0.000000,0.000000,0.000000,0.000000,0.000000,270.021362,0.000000,0.000000,0.000000,0.000000,0.000000
0.000000,0.000000,0.000000,0.000000,0.000000,0.000000,0.000000,0.000000,0,0,0,0,0,0,63.9918353378,-22.6054255528,-9999.000000,0.000000,0.424000,180.018387,0.000000,0.000000,0.000000,0.000000,0.000000,0.000000,1.193444,12.000000,40.000000,0.000000,0.000000,0.000000,0.000000,0.000000,0.000000,0.000000,270.021362,0.000000,0.000000,0.000000,0.000000,0.000000
0.000000,0.000000,0.000000,0.000000,0.000000,0.000000,0.000000,0.000000,0,0,0,0,0,0,63.9918353378,-22.6054255528,-9999.000000,0.000000,0.424000,180.018387,0.000000,0.000000,0.000000,0.000000,0.000000,0.000000,1.193444,12.000000,40.000000,0.000000,0.000000,0.000000,0.000000,0.000000,0.000000,0.000000,270.021362,0.000000,0.000000,0.000000,0.000000,0.000000
0.000000,0.000000,0.000000,0.000000,0.000000,0.000000,0.000000,0.000000,0,0,0,0,0,0,63.9918353378,-22.6054255528,-9999.000000,0.000000,0.424000,180.018387,0.000000,0.000000,0.000000,0.000000,0.000000,0.000000,1.193444,12.000000,40.000000,0.000000,0.000000,0.000000,0.000000,0.000000,0.000000,0.000000,270.021362,0.000000,0.000000,0.000000,0.000000,0.000000
0.000000,0.000000,0.000000,0.000000,0.000000,0.000000,0.000000,0.000000,0,0,0,0,0,0,63.9918353378,-22.6054255528,-9999.000000,0.000000,0.424000,180.018387,0.000000,0.000000,0.000000,0.000000,0.000000,0.000000,1.193444,12.000000,40.000000,0.000000,0.000000,0.000000,0.000000,0.000000,0.000000,0.000000,270.021362,0.000000,0.000000,0.000000,0.000000,0.000000
0.000000,0.000000,0.000000,0.000000,0.000000,0.000000,0.000000,0.000000,0,0,0,0,0,0,63.9918353378,-22.6054255528,-9999.000000,0.000000,0.424000,180.018387,0.000000,0.000000,0.000000,0.000000,0.000000,0.000000,1.193444,12.000000,40.000000,0.000000,0.000000,0.000000,0.000000,0.000000,0.000000,0.000000,270.021362,0.000000,0.000000,0.000000,0.000000,0.000000
0.000000,0.000000,0.000000,0.000000,0.000000,0.000000,0.000000,0.000000,0,0,0,0,0,0,63.9918353378,-22.6054255528,-9999.000000,0.000000,0.424000,180.018387,0.000000,0.000000,0.000000,0.000000,0.000000,0.000000,1.193444,12.000000,40.000000,0.000000,0.000000,0.000000,0.000000,0.000000,0.000000,0.000000,270.021362,0.000000,0.000000,0.000000,0.000000,0.000000
0.000000,0.000000,0.000000,0.000000,0.000000,0.000000,0.000000,0.000000,0,0,0,0,0,0,63.9918353378,-22.6054255528,-9999.000000,0.000000,0.424000,180.018387,0.000000,0.000000,0.000000,0.000000,0.000000,0.000000,1.193444,12.000000,40.000000,0.000000,0.000000,0.000000,0.000000,0.000000,0.000000,0.000000,270.021362,0.000000,0.000000,0.000000,0.000000,0.000000
0.000000,0.000000,0.000000,0.000000,0.000000,0.000000,0.000000,0.000000,0,0,0,0,0,0,63.9918353378,-22.6054255528,-9999.000000,0.000000,0.424000,180.018387,0.000000,0.000000,0.000000,0.000000,0.000000,0.000000,1.193444,12.000000,40.000000,0.000000,0.000000,0.000000,0.000000,0.000000,0.000000,0.000000,270.021362,0.000000,0.000000,0.000000,0.000000,0.000000
0.000000,0.000000,0.000000,0.000000,0.000000,0.000000,0.000000,0.000000,0,0,0,0,0,0,63.9918353378,-22.6054255528,-9999.000000,0.000000,0.424000,180.018387,0.000000,0.000000,0.000000,0.000000,0.000000,0.000000,1.193444,12.000000,40.000000,0.000000,0.000000,0.000000,0.000000,0.000000,0.000000,0.000000,270.021362,0.000000,0.000000,0.000000,0.000000,0.000000
0.000000,0.000000,0.000000,0.000000,0.000000,0.000000,0.000000,0.000000,0,0,0,0,0,0,63.9918353378,-22.6054255528,-9999.000000,0.000000,0.424000,180.018387,0.000000,0.000000,0.000000,0.000000,0.000000,0.000000,1.193444,12.000000,40.000000,0.000000,0.000000,0.000000,0.000000,0.000000,0.000000,0.000000,270.021362,0.000000,0.000000,0.000000,0.000000,0.000000
0.000000,0.000000,0.000000,0.000000,0.000000,0.000000,0.000000,0.000000,0,0,0,0,0,0,63.9918353378,-22.6054255528,-9999.000000,0.000000,0.424000,180.018387,0.000000,0.000000,0.000000,0.000000,0.000000,0.000000,1.193444,12.000000,40.000000,0.000000,0.000000,0.000000,0.000000,0.000000,0.000000,0.000000,270.021362,0.000000,0.000000,0.000000,0.000000,0.000000
0.000000,0.000000,0.000000,0.000000,0.000000,0.000000,0.000000,0.000000,0,0,0,0,0,0,63.9918353378,-22.6054255528,-9999.000000,0.000000,0.424000,180.018387,0.000000,0.000000,0.000000,0.000000,0.000000,0.000000,1.193444,12.000000,40.000000,0.000000,0.000000,0.000000,0.000000,0.000000,0.000000,0.000000,270.021362,0.000000,0.000000,0.000000,0.000000,0.000000
0.000000,0.000000,0.000000,0.000000,0.000000,0.000000,0.000000,0.000000,0,0,0,0,0,0,63.9918353378,-22.6054255528,-9999.000000,0.000000,0.424000,180.018387,0.000000,0.000000,0.000000,0.000000,0.000000,0.000000,1.193444,12.000000,40.000000,0.000000,0.000000,0.000000,0.000000,0.000000,0.000000,0.000000,270.021362,0.000000,0.000000,0.000000,0.000000,0.000000
0.000000,0.000000,0.000000,0.000000,0.000000,0.000000,0.000000,0.000000,0,0,0,0,0,0,63.9918353378,-22.6054255528,-9999.000000,0.000000,0.424000,180.018387,0.000000,0.000000,0.000000,0.000000,0.000000,0.000000,1.193444,12.000000,40.000000,0.000000,0.000000,0.000000,0.000000,0.000000,0.000000,0.000000,270.021362,0.000000,0.000000,0.000000,0.000000,0.000000
0.000000,0.000000,0.000000,0.000000,0.000000,0.000000,0.000000,0.000000,0,0,0,0,0,0,63.9918353378,-22.6054255528,-9999.000000,0.000000,0.424000,180.018387,0.000000,0.000000,0.000000,0.000000,0.000000,0.000000,1.193444,12.000000,40.000000,0.000000,0.000000,0.000000,0.000000,0.000000,0.000000,0.000000,270.021362,0.000000,0.000000,0.000000,0.000000,0.000000
0.000000,0.000000,0.000000,0.000000,0.000000,0.000000,0.000000,0.000000,0,0,0,0,0,0,63.9918353378,-22.6054255528,-9999.000000,0.000000,0.424000,180.018387,0.000000,0.000000,0.000000,0.000000,0.000000,0.000000,1.193444,12.000000,40.000000,0.000000,0.000000,0.000000,0.000000,0.000000,0.000000,0.000000,270.021362,0.000000,0.000000,0.000000,0.000000,0.000000
0.000000,0.000000,0.000000,0.000000,0.000000,0.000000,0.000000,0.000000,0,0,0,0,0,0,63.9918353378,-22.6054255528,-9999.000000,0.000000,0.424000,180.018387,0.000000,0.000000,0.000000,0.000000,0.000000,0.000000,1.193444,12.000000,40.000000,0.000000,0.000000,0.000000,0.000000,0.000000,0.000000,0.000000,270.021362,0.000000,0.000000,0.000000,0.000000,0.000000
0.000000,0.000000,0.000000,0.000000,0.000000,0.000000,0.000000,0.000000,0,0,0,0,0,0,63.9918353378,-22.6054255528,-9999.000000,0.000000,0.424000,180.018387,0.000000,0.000000,0.000000,0.000000,0.000000,0.000000,1.193444,12.000000,40.000000,0.000000,0.000000,0.000000,0.000000,0.000000,0.000000,0.000000,270.021362,0.000000,0.000000,0.000000,0.000000,0.000000
0.000000,0.000000,0.000000,0.000000,0.000000,0.000000,0.000000,0.000000,0,0,0,0,0,0,63.9918353378,-22.6054255528,-9999.000000,0.000000,0.424000,180.018387,0.000000,0.000000,0.000000,0.000000,0.000000,0.000000,1.193444,12.000000,40.000000,0.000000,0.000000,0.000000,0.000000,0.000000,0.000000,0.000000,270.021362,0.000000,0.000000,0.000000,0.000000,0.000000
0.000000,0.000000,0.000000,0.000000,0.000000,0.000000,0.000000,0.000000,0,0,0,0,0,0,63.9918353378,-22.6054255528,-9999.000000,0.000000,0.424000,180.018387,0.000000,0.000000,0.000000,0.000000,0.000000,0.000000,1.193444,12.000000,40.000000,0.000000,0.000000,0.000000,0.000000,0.000000,0.000000,0.000000,270.021362,0.000000,0.000000,0.000000,0.000000,0.000000
0.000000,0.000000,0.000000,0.000000,0.000000,0.000000,0.000000,0.000000,0,0,0,0,0,0,63.9918353378,-22.6054255528,-9999.000000,0.000000,0.424000,180.018387,0.000000,0.000000,0.000000,0.000000,0.000000,0.000000,1.193444,12.000000,40.000000,0.000000,0.000000,0.000000,0.000000,0.000000,0.000000,0.000000,270.021362,0.000000,0.000000,0.000000,0.000000,0.000000
0.000000,0.000000,0.000000,0.000000,0.000000,0.000000,0.000000,0.000000,0,0,0,0,0,0,63.9918353378,-22.6054255528,-9999.000000,0.000000,0.424000,180.018387,0.000000,0.000000,0.000000,0.000000,0.000000,0.000000,1.193444,12.000000,40.000000,0.000000,0.000000,0.000000,0.000000,0.000000,0.000000,0.000000,270.021362,0.000000,0.000000,0.000000,0.000000,0.000000
0.000000,0.000000,0.000000,0.000000,0.000000,0.000000,0.000000,0.000000,0,0,0,0,0,0,63.9918353378,-22.6054255528,-9999.000000,0.000000,0.424000,180.018387,0.000000,0.000000,0.000000,0.000000,0.000000,0.000000,1.193444,12.000000,40.000000,0.000000,0.000000,0.000000,0.000000,0.000000,0.000000,0.000000,270.021362,0.000000,0.000000,0.000000,0.000000,0.000000
0.000000,0.000000,0.000000,0.000000,0.000000,0.000000,0.000000,0.000000,0,0,0,0,0,0,63.9918353378,-22.6054255528,-9999.000000,0.000000,0.424000,180.018387,0.000000,0.000000,0.000000,0.000000,0.000000,0.000000,1.193444,12.000000,40.000000,0.000000,0.000000,0.000000,0.000000,0.000000,0.000000,0.000000,270.021362,0.000000,0.000000,0.000000,0.000000,0.000000
0.000000,0.000000,0.000000,0.000000,0.000000,0.000000,0.000000,0.000000,0,0,0,0,0,0,63.9918353378,-22.6054255528,-9999.000000,0.000000,0.424000,180.018387,0.000000,0.000000,0.000000,0.000000,0.000000,0.000000,1.193444,12.000000,40.000000,0.000000,0.000000,0.000000,0.000000,0.000000,0.000000,0.000000,270.021362,0.000000,0.000000,0.000000,0.000000,0.000000
0.000000,0.000000,0.000000,0.000000,0.000000,0.000000,0.000000,0.000000,0,0,0,0,0,0,63.9918353378,-22.6054255528,-9999.000000,0.000000,0.424000,180.018387,0.000000,0.000000,0.000000,0.000000,0.000000,0.000000,1.193444,12.000000,40.000000,0.000000,0.000000,0.000000,0.000000,0.000000,0.000000,0.000000,270.021362,0.000000,0.000000,0.000000,0.000000,0.000000
0.000000,0.000000,0.000000,0.000000,0.000000,0.000000,0.000000,0.000000,0,0,0,0,0,0,63.9918353378,-22.6054255528,-9999.000000,0.000000,0.424000,180.018387,0.000000,0.000000,0.000000,0.000000,0.000000,0.000000,1.193444,12.000000,40.000000,0.000000,0.000000,0.000000,0.000000,0.000000,0.000000,0.000000,270.021362,0.000000,0.000000,0.000000,0.000000,0.000000
0.000000,0.000000,0.000000,0.000000,0.000000,0.000000,0.000000,0.000000,0,0,0,0,0,0,63.9918353378,-22.6054255528,-9999.000000,0.000000,0.424000,180.018387,0.000000,0.000000,0.000000,0.000000,0.000000,0.000000,1.193444,12.000000,40.000000,0.000000,0.000000,0.000000,0.000000,0.000000,0.000000,0.000000,270.021362,0.000000,0.000000,0.000000,0.000000,0.000000
0.000000,0.000000,0.000000,0.000000,0.000000,0.000000,0.000000,0.000000,0,0,0,0,0,0,63.9918353378,-22.6054255528,-9999.000000,0.000000,0.424000,180.018387,0.000000,0.000000,0.000000,0.000000,0.000000,0.000000,1.193444,12.000000,40.000000,0.000000,0.000000,0.000000,0.000000,0.000000,0.000000,0.000000,270.021362,0.000000,0.000000,0.000000,0.000000,0.000000
0.000000,0.000000,0.000000,0.000000,0.000000,0.000000,0.000000,0.000000,0,0,0,0,0,0,63.9918353378,-22.6054255528,-9999.000000,0.000000,0.424000,180.018387,0.000000,0.000000,0.000000,0.000000,0.000000,0.000000,1.193444,12.000000,40.000000,0.000000,0.000000,0.000000,0.000000,0.000000,0.000000,0.000000,270.021362,0.000000,0.000000,0.000000,0.000000,0.000000
0.000000,0.000000,0.000000,0.000000,0.000000,0.000000,0.000000,0.000000,0,0,0,0,0,0,63.9918353378,-22.6054255528,-9999.000000,0.000000,0.424000,180.018387,0.000000,0.000000,0.000000,0.000000,0.000000,0.000000,1.193444,12.000000,40.000000,0.000000,0.000000,0.000000,0.000000,0.000000,0.000000,0.000000,270.021362,0.000000,0.000000,0.000000,0.000000,0.000000
0.000000,0.000000,0.000000,0.000000,0.000000,0.000000,0.000000,0.000000,0,0,0,0,0,0,63.9918353378,-22.6054255528,-9999.000000,0.000000,0.424000,180.018387,0.000000,0.000000,0.000000,0.000000,0.000000,0.000000,1.193444,12.000000,40.000000,0.000000,0.000000,0.000000,0.000000,0.000000,0.000000,0.000000,270.021362,0.000000,0.000000,0.000000,0.000000,0.000000
0.000000,0.000000,0.000000,0.000000,0.000000,0.000000,0.000000,0.000000,0,0,0,0,0,0,63.9918353378,-22.6054255528,-9999.000000,0.000000,0.424000,180.018387,0.000000,0.000000,0.000000,0.000000,0.000000,0.000000,1.193444,12.000000,40.000000,0.000000,0.000000,0.000000,0.000000,0.000000,0.000000,0.000000,270.021362,0.000000,0.000000,0.000000,0.000000,0.000000
0.000000,0.000000,0.000000,0.000000,0.000000,0.000000,0.000000,0.000000,0,0,0,0,0,0,63.9918353378,-22.6054255528,-9999.000000,0.000000,0.424000,180.018387,0.000000,0.000000,0.000000,0.000000,0.000000,0.000000,1.193444,12.000000,40.000000,0.000000,0.000000,0.000000,0.000000,0.000000,0.000000,0.000000,270.021362,0.000000,0.000000,0.000000,0.000000,0.000000
0.000000,0.000000,0.000000,0.000000,0.000000,0.000000,0.000000,0.000000,0,0,0,0,0,0,63.9918353378,-22.6054255528,-9999.000000,0.000000,0.424000,180.018387,0.000000,0.000000,0.000000,0.000000,0.000000,0.000000,1.193444,12.000000,40.000000,0.000000,0.000000,0.000000,0.000000,0.000000,0.000000,0.000000,270.021362,0.000000,0.000000,0.000000,0.000000,0.000000
0.000000,0.000000,0.000000,0.000000,0.000000,0.000000,0.000000,0.000000,0,0,0,0,0,0,63.9918353378,-22.6054255528,-9999.000000,0.000000,0.424000,180.018387,0.000000,0.000000,0.000000,0.000000,0.000000,0.000000,1.193444,12.000000,40.000000,0.000000,0.000000,0.000000,0.000000,0.000000,0.000000,0.000000,270.021362,0.000000,0.000000,0.000000,0.000000,0.000000
0.000000,0.000000,0.000000,0.000000,0.000000,0.000000,0.000000,0.000000,0,0,0,0,0,0,63.9918363228,-22.6054263516,146.233963,0.104626,4.905154,180.013077,0.000000,0.000000,0.000000,0.000000,0.000000,0.000000,1.193444,12.000000,40.000000,0.000000,0.000000,0.000000,0.000000,0.000000,0.000000,0.000000,270.021362,0.000000,0.000000,0.000000,0.000000,0.000000
0.000000,0.000000,0.000000,0.000000,0.000000,0.000000,0.000000,0.000000,0,0,0,0,0,0,63.9918363371,-22.6054263453,146.229294,0.091515,4.973348,180.012115,89.874199,3.012357,-0.367991,-0.000665,0.000000,149.372101,150.565552,12.000000,40.000000,0.000000,0.000000,150.000137,150.000000,146.229294,0.000494,-0.048942,270.021332,344.440613,-0.008920,-0.985256,3366.101318,0.000000
0.000000,0.000000,0.000000,0.000000,0.000000,0.000000,0.000000,0.000000,0,0,0,0,0,0,63.9918363325,-22.6054263471,146.229385,0.095287,4.951447,180.012390,83.881065,2.733259,-0.024107,-0.000006,0.000000,121.032501,122.225945,12.000000,40.000000,0.000000,0.000000,120.000145,120.000000,146.229385,0.000405,0.000738,270.021332,304.604553,-0.013816,-1.582221,1673.688354,0.000000
0.000000,0.000000,0.000000,0.000000,0.000000,0.000000,0.000000,0.000000,0,0,0,0,0,0,63.9918363325,-22.6054263485,146.229355,0.098108,4.951426,180.012619,76.394333,2.492932,-0.116790,-0.000004,0.000000,92.690895,93.884338,12.000000,40.000000,0.000000,0.000000,90.000145,90.000000,146.229355,0.000331,-0.000268,270.021332,252.005447,-0.015894,-1.943920,-158.865402,0.000000
0.000000,0.000000,0.000000,0.000000,0.000000,0.000000,0.000000,0.000000,0,0,0,0,0,0,63.9918363325,-22.6054263488,146.229340,0.098840,4.951664,180.012680,73.004349,2.410355,-0.116579,-0.000010,1.875557,81.526962,82.720406,12.000000,40.000000,0.000000,0.000000,80.000145,80.000000,146.229340,0.000306,-0.000906,270.021332,230.059357,-0.016326,-2.044910,-842.007690,0.000000
0.000000,0.000000,0.000000,0.000000,0.000000,0.000000,0.000000,0.000000,0,0,0,0,0,0,63.9918363326,-22.6054263489,146.229340,0.099095,4.951756,180.012695,71.524384,2.378558,-0.119713,-0.000013,4.651825,77.488503,78.681946,12.000000,40.000000,0.000000,0.000000,80.000145,80.000000,146.229340,0.000296,-0.001174,270.021332,221.036819,-0.016468,-2.081370,-944.242920,0.000000
0.000000,0.000000,0.000000,0.000000,0.000000,0.000000,0.000000,0.000000,0,0,0,0,0,0,63.9918363326,-22.6054263490,146.229340,0.099301,4.951831,180.012711,70.388641,2.355771,-0.121957,-0.000015,5.512259,74.279678,75.473122,12.000000,40.000000,0.000000,0.000000,80.000145,80.000000,146.229340,0.000288,-0.001342,270.021332,214.359634,-0.016544,-2.106785,-1016.391113,0.000000
0.000000,0.000000,0.000000,0.000000,0.000000,0.000000,0.000000,0.000000,0,0,0,0,0,0,63.9918363326,-22.6054263491,146.229340,0.099522,4.951913,180.012726,69.231094,2.333925,-0.121217,-0.000015,5.728392,70.827309,72.020752,12.000000,40.000000,0.000000,0.000000,70.000145,70.000000,146.229340,0.000281,-0.001409,270.021332,207.780167,-0.016650,-2.130657,-1089.127808,0.000000
0.000000,0.000000,0.000000,0.000000,0.000000,0.000000,0.000000,0.000000,0,0,0,0,0,0,63.9918363326,-22.6054263493,146.229324,0.099771,4.952007,180.012756,67.972717,2.311690,-0.120121,-0.000016,5.675282,67.022316,68.215759,12.000000,40.000000,0.000000,0.000000,70.000145,70.000000,146.229324,0.000274,-0.001442,270.021332,200.889923,-0.016734,-2.154525,-1159.346436,0.000000
0.000000,0.000000,0.000000,0.000000,0.000000,0.000000,0.000000,0.000000,0,0,0,0,0,0,63.9918363326,-22.6054263494,146.229324,0.100021,4.952103,180.012772,66.690414,2.290588,-0.119146,-0.000016,5.663338,63.236683,64.430130,12.000000,40.000000,0.000000,0.000000,70.000145,70.000000,146.229324,0.000267,-0.001409,270.021332,194.151947,-0.016814,-2.176851,-1217.171387,0.000000
0.000000,0.000000,0.000000,0.000000,0.000000,0.000000,0.000000,0.000000,0,0,0,0,0,0,63.9918363327,-22.6054263495,146.229324,0.100361,4.952233,180.012802,64.972183,2.264667,-0.115535,-0.000015,5.051492,58.023678,59.217121,12.000000,40.000000,0.000000,0.000000,60.000141,60.000000,146.229324,0.000257,-0.001375,270.021332,185.572205,-0.016910,-2.203979,-1289.492310,0.000000
0.000000,0.000000,0.000000,0.000000,0.000000,0.000000,0.000000,0.000000,0,0,0,0,0,0,63.9918363327,-22.6054263497,146.229324,0.100631,4.952338,180.012817,63.468834,2.244103,-0.114449,-0.000014,5.300462,53.869274,55.062721,12.000000,40.000000,0.000000,0.000000,60.000141,60.000000,146.229324,0.000250,-0.001275,270.021332,178.485291,-0.017017,-2.225411,-1328.223267,0.000000
0.000000,0.000000,0.000000,0.000000,0.000000,0.000000,0.000000,0.000000,0,0,0,0,0,0,63.9918363327,-22.6054263498,146.229309,0.100843,4.952420,180.012833,62.195496,2.228166,-0.113300,-0.000013,5.683079,50.487507,51.680950,12.000000,40.000000,0.000000,0.000000,50.000141,50.000000,146.229309,0.000244,-0.001174,270.021332,172.786438,-0.017091,-2.242081,-1353.513062,0.000000
0.000000,0.000000,0.000000,0.000000,0.000000,0.000000,0.000000,0.000000,0,0,0,0,0,0,63.9918363327,-22.6054263499,146.229309,0.101066,4.952504,180.012848,60.817726,2.212396,-0.109482,-0.000013,5.675510,46.702133,47.895580,12.000000,40.000000,0.000000,0.000000,50.000141,50.000000,146.229309,0.000237,-0.001141,270.021332,166.930527,-0.017160,-2.258749,-1384.988770,0.000000
0.000000,0.000000,0.000000,0.000000,0.000000,0.000000,0.000000,0.000000,0,0,0,0,0,0,63.9918363327,-22.6054263500,146.229309,0.101282,4.952585,180.012863,59.420910,2.197922,-0.105486,-0.000012,5.784063,42.921261,44.114708,12.000000,40.000000,0.000000,0.000000,50.000141,50.000000,146.229309,0.000231,-0.001073,270.021332,161.318863,-0.017226,-2.274339,-1412.597534,0.000000
0.000000,0.000000,0.000000,0.000000,0.000000,0.000000,0.000000,0.000000,0,0,0,0,0,0,63.9918363328,-22.6054263501,146.229309,0.101490,4.952662,180.012894,58.006351,2.184771,-0.100753,-0.000011,5.793700,39.141487,40.334930,12.000000,40.000000,0.000000,0.000000,40.000141,40.000000,146.229309,0.000225,-0.001040,270.021332,155.964737,-0.017288,-2.288922,-1437.055908,0.000000
0.000000,0.000000,0.000000,0.000000,0.000000,0.000000,0.000000,0.000000,0,0,0,0,0,0,63.9918363328,-22.6054263502,146.229309,0.101704,4.952741,180.012909,56.485531,2.172274,-0.094429,-0.000010,5.691483,35.075394,36.268837,12.000000,40.000000,0.000000,0.000000,40.000141,40.000000,146.229309,0.000219,-0.000939,270.021332,150.571548,-0.017346,-2.303385,-1461.968262,0.000000
0.000000,0.000000,0.000000,0.000000,0.000000,0.000000,0.000000,0.000000,0,0,0,0,0,0,63.9918363328,-22.6054263503,146.229294,0.101977,4.952839,180.012924,54.493053,2.158400,-0.085006,-0.000008,5.083729,29.622131,30.815575,12.000000,40.000000,0.000000,0.000000,30.000143,30.000000,146.229294,0.000211,-0.000805,270.021332,144.064560,-0.017414,-2.320642,-1496.035767,0.000000
0.000000,0.000000,0.000000,0.000000,0.000000,0.000000,0.000000,0.000000,0,0,0,0,0,0,63.9918363328,-22.6054263506,146.229294,0.102472,4.953012,180.012970,50.813396,2.139969,-0.067312,-0.000005,3.118567,19.550131,20.743576,12.000000,40.000000,0.000000,0.000000,20.000143,20.000000,146.229294,0.000197,-0.000503,270.021332,133.668625,-0.017554,-2.348229,-1538.676147,0.000000
0.000000,0.000000,0.000000,0.000000,0.000000,0.000000,0.000000,0.000000,0,0,0,0,0,0,63.9918363329,-22.6054263507,146.229294,0.102815,4.953125,180.012985,47.552803,2.131188,-0.041312,-0.000003,3.515874,11.370831,12.564276,12.000000,40.000000,0.000000,0.000000,10.000142,10.000000,146.229294,0.000186,-0.000335,270.021332,126.158081,-0.017660,-2.368864,-1549.080811,0.000000
0.000000,0.000000,0.000000,0.000000,0.000000,0.000000,0.000000,0.000000,0,0,0,0,0,0,63.9918363329,-22.6054263508,146.229294,0.103079,4.953206,180.013016,44.650330,2.129210,-0.010562,-0.000001,3.949932,4.160133,5.353577,12.000000,40.000000,0.000000,0.000000,10.000142,10.000000,146.229294,0.000177,-0.000268,270.021332,120.777184,-0.017729,-2.384785,-1557.661011,0.000000
0.000000,0.000000,0.000000,0.000000,0.000000,0.000000,0.000000,0.000000,0,0,0,0,0,0,63.9918363329,-22.6054263510,146.229294,0.103313,4.953271,180.013031,41.843018,2.132502,0.025144,0.000001,4.109185,-2.809128,-1.615684,12.000000,40.000000,0.000000,0.000000,0.000142,0.000000,146.229294,0.000168,-0.000034,270.021332,116.717209,-0.017789,-2.398350,-1567.684448,0.000000
0.000000,0.000000,0.000000,0.000000,0.000000,0.000000,0.000000,0.000000,0,0,0,0,0,0,63.9918363329,-22.6054263511,146.229294,0.103563,4.953334,180.013046,38.680286,2.142391,0.071011,0.000003,3.769988,-10.572758,-9.379313,12.000000,40.000000,0.000000,0.000000,-9.999858,-10.000000,146.229294,0.000159,0.000034,270.021332,113.472603,-0.017866,-2.411803,-1580.329468,0.000000
0.000000,0.000000,0.000000,0.000000,0.000000,0.000000,0.000000,0.000000,0,0,0,0,0,0,63.9918363329,-22.6054263512,146.229294,0.103801,4.953386,180.013077,35.373466,2.159899,0.133174,0.000005,3.618932,-18.731768,-17.538322,12.000000,40.000000,0.000000,0.000000,-19.999857,-20.000000,146.229294,0.000149,0.000201,270.021332,111.576462,-0.017929,-2.424112,-1587.705811,0.000000
0.000000,0.000000,0.000000,0.000000,0.000000,0.000000,0.000000,0.000000,0,0,0,0,0,0,63.9918363329,-22.6054263513,146.229294,0.103971,4.953415,180.013092,32.665443,2.179899,0.200017,0.000007,4.195940,-25.335068,-24.141624,12.000000,40.000000,0.000000,0.000000,-19.999857,-20.000000,146.229294,0.000142,0.000403,270.021332,111.164391,-0.017972,-2.433046,-1588.552979,0.000000
0.000000,0.000000,0.000000,0.000000,0.000000,0.000000,0.000000,0.000000,0,0,0,0,0,0,63.9918363329,-22.6054263513,146.229294,0.104130,4.953437,180.013092,30.012201,2.204676,0.272081,0.000010,4.269225,-32.079155,-30.885710,12.000000,40.000000,0.000000,0.000000,-29.999857,-30.000000,146.229294,0.000135,0.000470,270.021332,111.764984,-0.018020,-2.440929,-1594.544189,0.000000
0.000000,0.000000,0.000000,0.000000,0.000000,0.000000,0.000000,0.000000,0,0,0,0,0,0,63.9918363329,-22.6054263514,146.229309,0.104267,4.953448,180.013107,27.593546,2.231974,0.346498,0.000012,4.503073,-38.320847,-37.127403,12.000000,40.000000,0.000000,0.000000,-39.999859,-40.000000,146.229309,0.000129,0.000671,270.021332,113.189255,-0.018056,-2.447447,-1598.176270,0.000000
0.000000,0.000000,0.000000,0.000000,0.000000,0.000000,0.000000,0.000000,0,0,0,0,0,0,63.9918363329,-22.6054263515,146.229309,0.104386,4.953453,180.013123,25.403334,2.260799,0.418682,0.000014,4.753464,-44.102108,-42.908661,12.000000,40.000000,0.000000,0.000000,-39.999859,-40.000000,146.229309,0.000124,0.000805,270.021332,115.211128,-0.018083,-2.452853,-1601.298462,0.000000
0.000000,0.000000,0.000000,0.000000,0.000000,0.000000,0.000000,0.000000,0,0,0,0,0,0,63.9918363329,-22.6054263515,146.229309,0.104459,4.953454,180.013123,23.920799,2.282649,0.476877,0.000016,5.610670,-47.840469,-46.647026,12.000000,40.000000,0.000000,0.000000,-39.999859,-40.000000,146.229309,0.000120,0.000939,270.021332,116.980110,-0.018106,-2.456267,-1594.728394,0.000000
0.000000,0.000000,0.000000,0.000000,0.000000,0.000000,0.000000,0.000000,0,0,0,0,0,0,63.9918363329,-22.6054263515,146.229309,0.104561,4.953449,180.013138,21.989328,2.314109,0.534112,0.000018,5.137249,-53.439831,-52.246387,12.000000,40.000000,0.000000,0.000000,-49.999859,-50.000000,146.229309,0.000115,0.001073,270.021332,119.776009,-0.018131,-2.460437,-1608.834961,0.000000
0.000000,0.000000,0.000000,0.000000,0.000000,0.000000,0.000000,0.000000,0,0,0,0,0,0,63.9918363329,-22.6054263516,146.229309,0.104622,4.953444,180.013138,20.731428,2.336511,0.586035,0.000020,5.899946,-56.742447,-55.549004,12.000000,40.000000,0.000000,0.000000,-49.999859,-50.000000,146.229309,0.000112,0.001174,270.021332,121.898918,-0.018146,-2.462993,-1601.848389,0.000000
0.000000,0.000000,0.000000,0.000000,0.000000,0.000000,0.000000,0.000000,0,0,0,0,0,0,63.9918363329,-22.6054263516,146.229324,0.104713,4.953441,180.013138,19.193535,2.366064,0.542461,0.000021,5.662342,-61.356522,-60.163078,12.000000,40.000000,0.000000,0.000000,-59.999859,-60.000000,146.229324,0.000109,0.001174,270.021332,124.821373,-0.018162,-2.465958,-1612.030884,0.000000
0.000000,0.000000,0.000000,0.000000,0.000000,0.000000,0.000000,0.000000,0,0,0,0,0,0,63.9918363329,-22.6054263517,146.229324,0.104812,4.953447,180.013153,17.842730,2.394085,0.479372,0.000023,5.846453,-65.340393,-64.146950,12.000000,40.000000,0.000000,0.000000,-59.999859,-60.000000,146.229324,0.000105,0.001308,270.021332,127.687065,-0.018173,-2.468423,-1614.072144,0.000000
0.000000,0.000000,0.000000,0.000000,0.000000,0.000000,0.000000,0.000000,0,0,0,0,0,0,63.9918363329,-22.6054263517,146.229324,0.104912,4.953458,180.013153,16.668743,2.420088,0.458814,0.000025,6.102594,-68.838242,-67.644798,12.000000,40.000000,0.000000,0.000000,-69.999855,-70.000000,146.229324,0.000103,0.001442,270.021332,130.405457,-0.018189,-2.470464,-1614.352661,0.000000
0.000000,0.000000,0.000000,0.000000,0.000000,0.000000,0.000000,0.000000,0,0,0,0,0,0,63.9918363329,-22.6054263518,146.229324,0.105021,4.953472,180.013168,15.520101,2.447087,0.452507,0.000027,6.177601,-72.415207,-71.221764,12.000000,40.000000,0.000000,0.000000,-69.999855,-70.000000,146.229324,0.000100,0.001510,270.021332,133.270554,-0.018206,-2.472372,-1617.719360,0.000000
0.000000,0.000000,0.000000,0.000000,0.000000,0.000000,0.000000,0.000000,0,0,0,0,0,0,63.9918363329,-22.6054263518,146.229340,0.105138,4.953484,180.013184,14.396891,2.475049,0.454833,0.000028,6.208150,-76.011856,-74.818413,12.000000,40.000000,0.000000,0.000000,-69.999855,-70.000000,146.229340,0.000097,0.001610,270.021332,136.268448,-0.018224,-2.474158,-1621.558838,0.000000
0.000000,0.000000,0.000000,0.000000,0.000000,0.000000,0.000000,0.000000,0,0,0,0,0,0,63.9918363329,-22.6054263519,146.229340,0.105279,4.953495,180.013184,13.163680,2.507619,0.459669,0.000030,6.016201,-80.160011,-78.966568,12.000000,40.000000,0.000000,0.000000,-79.999855,-80.000000,146.229340,0.000094,0.001644,270.021332,139.782333,-0.018248,-2.476029,-1629.036621,0.000000
0.000000,0.000000,0.000000,0.000000,0.000000,0.000000,0.000000,0.000000,0,0,0,0,0,0,63.9918363329,-22.6054263520,146.229340,0.105423,4.953500,180.013199,11.962555,2.541323,0.469103,0.000031,5.989660,-84.233376,-83.039932,12.000000,40.000000,0.000000,0.000000,-79.999855,-80.000000,146.229340,0.000092,0.001778,270.021332,143.426514,-0.018263,-2.477764,-1632.874512,0.000000
0.000000,0.000000,0.000000,0.000000,0.000000,0.000000,0.000000,0.000000,0,0,0,0,0,0,63.9918363329,-22.6054263520,146.229355,0.105533,4.953500,180.013214,11.050399,2.568293,0.482914,0.000033,6.384584,-87.210876,-86.017433,12.000000,40.000000,0.000000,0.000000,-79.999855,-80.000000,146.229355,0.000089,0.001912,270.021332,146.338135,-0.018284,-2.479027,-1628.678345,0.000000
0.000000,0.000000,0.000000,0.000000,0.000000,0.000000,0.000000,0.000000,0,0,0,0,0,0,63.9918363329,-22.6054263521,146.229355,0.105727,4.953489,180.013229,9.655600,2.611956,0.483502,0.000034,5.651144,-92.500984,-91.307541,12.000000,40.000000,0.000000,0.000000,-89.999855,-90.000000,146.229355,0.000086,0.001879,270.021332,151.025787,-0.018306,-2.480868,-1644.079712,0.000000
0.000000,0.000000,0.000000,0.000000,0.000000,0.000000,0.000000,0.000000,0,0,0,0,0,0,63.9918363329,-22.6054263522,146.229355,0.105884,4.953475,180.013229,8.612128,2.629562,0.401777,0.000029,5.952955,-96.432022,-95.238579,12.000000,40.000000,0.000000,0.000000,-89.999855,-90.000000,146.229355,0.000084,0.001610,270.021332,154.941238,-0.018334,-2.482253,-1640.964966,0.000000
0.000000,0.000000,0.000000,0.000000,0.000000,0.000000,0.000000,0.000000,0,0,0,0,0,0,63.9918363329,-22.6054263523,146.229370,0.106027,4.953464,180.013245,7.761220,2.624013,0.243584,0.000018,6.213221,-99.919571,-98.726128,12.000000,40.000000,0.000000,0.000000,-99.999855,-100.000000,146.229370,0.000081,0.000973,270.021332,158.465210,-0.018353,-2.483400,-1638.502319,0.000000
0.000000,0.000000,0.000000,0.000000,0.000000,0.000000,0.000000,0.000000,0,0,0,0,0,0,63.9918363329,-22.6054263523,146.229370,0.106199,4.953452,180.013260,6.799806,2.618465,0.136005,0.000010,6.068903,-104.039345,-102.845901,12.000000,40.000000,0.000000,0.000000,-99.999855,-100.000000,146.229370,0.000079,0.000537,270.021332,162.461319,-0.018371,-2.484601,-1643.157959,0.000000
0.000000,0.000000,0.000000,0.000000,0.000000,0.000000,0.000000,0.000000,0,0,0,0,0,0,63.9918363329,-22.6054263524,146.229370,0.106399,4.953438,180.013275,5.727025,2.613170,0.070852,0.000005,5.823814,-108.649826,-107.456383,12.000000,40.000000,0.000000,0.000000,-109.999855,-110.000000,146.229370,0.000076,0.000168,270.021332,166.918747,-0.018403,-2.485835,-1648.573853,0.000000
0.000000,0.000000,0.000000,0.000000,0.000000,0.000000,0.000000,0.000000,0,0,0,0,0,0,63.9918363329,-22.6054263526,146.229370,0.106697,4.953410,180.013306,4.218436,2.607303,0.030559,0.000002,4.941275,-115.299599,-114.106155,12.000000,40.000000,0.000000,0.000000,-109.999855,-110.000000,146.229370,0.000073,0.000000,270.021332,173.143829,-0.018451,-2.487398,-1659.240967,0.000000
0.000000,0.000000,0.000000,0.000000,0.000000,0.000000,0.000000,0.000000,0,0,0,0,0,0,63.9918363329,-22.6054263527,146.229370,0.106958,4.953377,180.013321,2.812315,2.603479,0.017828,0.000001,5.048472,-121.116783,-119.923340,12.000000,40.000000,0.000000,0.000000,-119.999855,-120.000000,146.229370,0.000070,-0.000000,270.021332,178.856567,-0.018499,-2.488694,-1655.344604,0.000000
0.000000,0.000000,0.000000,0.000000,0.000000,0.000000,0.000000,0.000000,0,0,0,0,0,0,63.9918363329,-22.6054263528,146.229370,0.107145,4.953347,180.013336,1.728309,2.601608,0.017132,0.000001,5.650661,-125.388161,-124.194717,12.000000,40.000000,0.000000,0.000000,-119.999855,-120.000000,146.229370,0.000068,0.000034,270.021332,183.174408,-0.018528,-2.489600,-1646.526001,0.000000
0.000000,0.000000,0.000000,0.000000,0.000000,0.000000,0.000000,0.000000,0,0,0,0,0,0,63.9918363329,-22.6054263529,146.229370,0.107289,4.953320,180.013351,0.860181,2.600782,0.020479,0.000001,6.143815,-128.779266,-127.585815,12.000000,40.000000,0.000000,0.000000,-129.999863,-130.000000,146.229370,0.000066,0.000034,270.021332,186.564758,-0.018550,-2.490272,-1639.764893,0.000000
0.000000,0.000000,0.000000,0.000000,0.000000,0.000000,0.000000,0.000000,0,0,0,0,0,0,63.9918363329,-22.6054263529,146.229370,0.107481,4.953283,180.013367,-0.225501,2.600588,0.026777,0.000002,5.839477,-133.418045,-132.224594,12.000000,40.000000,0.000000,0.000000,-129.999863,-130.000000,146.229370,0.000064,0.000067,270.021332,190.705765,-0.018580,-2.491052,-1646.515869,0.000000
0.000000,0.000000,0.000000,0.000000,0.000000,0.000000,0.000000,0.000000,0,0,0,0,0,0,63.9918363329,-22.6054263531,146.229370,0.107745,4.953269,180.013382,-1.636583,2.601723,0.031714,0.000002,5.147881,-139.548782,-138.355331,12.000000,40.000000,0.000000,0.000000,-139.999863,-140.000000,146.229370,0.000061,-0.000067,270.021332,195.898743,-0.018617,-2.491972,-1655.796631,0.000000
0.000000,0.000000,0.000000,0.000000,0.000000,0.000000,0.000000,0.000000,0,0,0,0,0,0,63.9918363329,-22.6054263532,146.229370,0.107921,4.953281,180.013397,-2.666573,2.603552,0.038451,0.000003,5.762786,-143.585007,-142.391556,12.000000,40.000000,0.000000,0.000000,-139.999863,-140.000000,146.229370,0.000059,0.000034,270.021332,199.537125,-0.018652,-2.492584,-1646.674194,0.000000
0.000000,0.000000,0.000000,0.000000,0.000000,0.000000,0.000000,0.000000,0,0,0,0,0,0,63.9918363329,-22.6054263532,146.229370,0.108090,4.953302,180.013412,-3.640769,2.606062,0.046678,0.000003,5.975421,-147.548553,-146.355118,12.000000,40.000000,0.000000,0.000000,-139.999863,-140.000000,146.229370,0.000057,0.000034,270.021332,202.847946,-0.018678,-2.493121,-1644.386719,0.000000
0.000000,0.000000,0.000000,0.000000,0.000000,0.000000,0.000000,0.000000,0,0,0,0,0,0,63.9918363329,-22.6054263533,146.229370,0.108228,4.953322,180.013428,-4.451015,2.608729,0.054602,0.000004,6.313809,-150.773636,-149.580185,12.000000,40.000000,0.000000,0.000000,-149.999863,-150.000000,146.229370,0.000056,0.000067,270.021332,205.497879,-0.018696,-2.493539,-1640.060669,0.000000
0.000000,0.000000,0.000000,0.000000,0.000000,0.000000,0.000000,0.000000,0,0,0,0,0,0,63.9918363329,-22.6054263534,146.229370,0.108451,4.953353,180.013443,-5.636090,2.613583,0.064931,0.000005,5.647091,-156.020950,-154.827499,12.000000,40.000000,0.000000,0.000000,-149.999863,-150.000000,146.229370,0.000054,0.000067,270.021332,209.192474,-0.018740,-2.494106,-1652.203247,0.000000
0.000000,0.000000,0.000000,0.000000,0.000000,0.000000,0.000000,0.000000,0,0,0,0,0,0,63.9918363329,-22.6054263535,146.229370,0.108626,4.953374,180.013458,-6.602154,2.618384,0.075544,0.000006,5.951159,-159.946564,-158.753128,12.000000,40.000000,0.000000,0.000000,-159.999863,-160.000000,146.229370,0.000052,0.000235,270.021332,212.035522,-0.018764,-2.494533,-1647.908691,0.000000
0.000000,0.000000,0.000000,0.000000,0.000000,0.000000,0.000000,0.000000,0,0,0,0,0,0,63.9918363329,-22.6054263536,146.229370,0.108780,4.953391,180.013474,-7.457733,2.623275,0.084706,0.000006,6.213278,-163.433426,-162.239975,12.000000,40.000000,0.000000,0.000000,-159.999863,-160.000000,146.229370,0.000051,0.000235,270.021332,214.419968,-0.018793,-2.494886,-1644.642700,0.000000
0.000000,0.000000,0.000000,0.000000,0.000000,0.000000,0.000000,0.000000,0,0,0,0,0,0,63.9918363329,-22.6054263536,146.229370,0.108938,4.953403,180.013474,-8.309979,2.628749,0.093357,0.000007,6.277435,-167.008209,-165.814758,12.000000,40.000000,0.000000,0.000000,-159.999863,-160.000000,146.229370,0.000050,0.000201,270.021332,216.665039,-0.018821,-2.495217,-1645.045288,0.000000
0.000000,0.000000,0.000000,0.000000,0.000000,0.000000,0.000000,0.000000,0,0,0,0,0,0,63.9918363329,-22.6054263537,146.229370,0.109075,4.953411,180.013489,-9.052685,2.634014,0.101458,0.000008,6.486393,-170.061523,-168.868073,12.000000,40.000000,0.000000,0.000000,-169.999863,-170.000000,146.229370,0.000048,0.000335,270.021332,218.511810,-0.018851,-2.495488,-1642.715698,0.000000
0.000000,0.000000,0.000000,0.000000,0.000000,0.000000,0.000000,0.000000,0,0,0,0,0,0,63.9918363329,-22.6054263538,146.229370,0.109287,4.953417,180.013504,-10.108347,2.642300,0.109999,0.000009,5.902865,-174.833252,-173.639816,12.000000,40.000000,0.000000,0.000000,-169.999863,-170.000000,146.229370,0.000047,0.000369,270.021332,220.954620,-0.018882,-2.495850,-1654.043701,0.000000
0.000000,0.000000,0.000000,0.000000,0.000000,0.000000,0.000000,0.000000,0,0,0,0,0,0,63.9918363329,-22.6054263539,146.229370,0.109450,4.953418,180.013519,-10.947951,2.649572,0.118881,0.000009,6.199743,-178.304672,-177.111237,12.000000,40.000000,0.000000,0.000000,-179.999863,-180.000000,146.229370,0.000046,0.000436,270.021332,222.739838,-0.018908,-2.496118,-1649.635132,0.000000
0.000000,0.000000,0.000000,0.000000,0.000000,0.000000,0.000000,0.000000,0,0,0,0,0,0,63.9918363329,-22.6054263540,146.229370,0.109641,4.953413,180.013535,-11.886827,2.658428,0.126669,0.000010,6.063832,-182.420776,-181.227325,12.000000,40.000000,0.000000,0.000000,-179.999863,-180.000000,146.229370,0.000044,0.000470,270.021332,224.565491,-0.018933,-2.496399,-1652.803955,0.000000
0.000000,0.000000,0.000000,0.000000,0.000000,0.000000,0.000000,0.000000,0,0,0,0,0,0,63.9918363329,-22.6054263541,146.229370,0.109886,4.953400,180.013550,-13.025586,2.670219,0.135635,0.000011,5.601025,-187.571884,-186.378433,12.000000,40.000000,0.000000,0.000000,-179.999863,-180.000000,146.229370,0.000043,0.000604,270.021332,226.530869,-0.018980,-2.496715,-1659.701904,0.000000
0.000000,0.000000,0.000000,0.000000,0.000000,0.000000,0.000000,0.000000,0,0,0,0,0,0,63.9918363329,-22.6054263542,146.229385,0.110065,4.953385,180.013565,-13.898456,2.680053,0.143922,0.000012,6.034766,-191.216736,-190.023300,12.000000,40.000000,0.000000,0.000000,-189.999863,-190.000000,146.229385,0.000041,0.000604,270.021332,227.847748,-0.019006,-2.496940,-1652.658936,0.000000
0.000000,0.000000,0.000000,0.000000,0.000000,0.000000,0.000000,0.000000,0,0,0,0,0,0,63.9918363329,-22.6054263543,146.229385,0.110301,4.953359,180.013596,-14.967657,2.693054,0.151527,0.000013,5.703916,-196.088577,-194.895142,12.000000,40.000000,0.000000,0.000000,-189.999863,-190.000000,146.229385,0.000040,0.000671,270.021332,229.231049,-0.019032,-2.497197,-1657.815186,0.000000
0.000000,0.000000,0.000000,0.000000,0.000000,0.000000,0.000000,0.000000,0,0,0,0,0,0,63.9918363329,-22.6054263544,146.229385,0.110538,4.953325,180.013611,-16.026304,2.706984,0.159478,0.000014,5.647079,-200.841751,-199.648300,12.000000,40.000000,0.000000,0.000000,-199.999863,-200.000000,146.229385,0.000039,0.000738,270.021332,230.346252,-0.019083,-2.497432,-1657.913940,0.000000
0.000000,0.000000,0.000000,0.000000,0.000000,0.000000,0.000000,0.000000,0,0,0,0,0,0,63.9918363329,-22.6054263545,146.229385,0.110807,4.953279,180.013626,-17.173004,2.723291,0.166603,0.000014,5.426698,-206.110443,-204.916992,12.000000,40.000000,0.000000,0.000000,-199.999863,-200.000000,146.229385,0.000037,0.000805,270.021332,231.263092,-0.019119,-2.497667,-1659.742310,0.000000
0.000000,0.000000,0.000000,0.000000,0.000000,0.000000,0.000000,0.000000,0,0,0,0,0,0,63.9918363329,-22.6054263546,146.229385,0.111021,4.953236,180.013641,-18.109724,2.737576,0.173775,0.000015,5.802151,-210.236908,-209.043457,12.000000,40.000000,0.000000,0.000000,-209.999863,-210.000000,146.229385,0.000036,0.000839,270.021332,231.783997,-0.019160,-2.497845,-1653.442993,0.000000
0.000000,0.000000,0.000000,0.000000,0.000000,0.000000,0.000000,0.000000,0,0,0,0,0,0,63.9918363329,-22.6054263548,146.229385,0.111283,4.953177,180.013672,-19.181952,2.755023,0.179009,0.000016,5.552982,-215.294891,-214.101456,12.000000,40.000000,0.000000,0.000000,-209.999863,-210.000000,146.229385,0.000035,0.000939,270.021332,232.125549,-0.019198,-2.498034,-1656.641357,0.000000
0.000000,0.000000,0.000000,0.000000,0.000000,0.000000,0.000000,0.000000,0,0,0,0,0,0,63.9918363328,-22.6054263549,146.229401,0.111652,4.953088,180.013702,-20.621929,2.780347,0.196702,0.000016,4.703383,-222.366653,-221.173203,12.000000,40.000000,0.000000,0.000000,-219.999863,-220.000000,146.229401,0.000033,0.000939,270.021332,232.152893,-0.019257,-2.498266,-1663.257568,0.000000
0.000000,0.000000,0.000000,0.000000,0.000000,0.000000,0.000000,0.000000,0,0,0,0,0,0,63.9918363328,-22.6054263550,146.229401,0.111864,4.953040,180.013718,-21.614080,2.799101,0.224674,0.000017,5.488997,-226.807205,-225.613754,12.000000,40.000000,0.000000,0.000000,-219.999863,-220.000000,146.229401,0.000032,0.000939,270.021332,231.882843,-0.019290,-2.498411,-1650.853760,0.000000
0.000000,0.000000,0.000000,0.000000,0.000000,0.000000,0.000000,0.000000,0,0,0,0,0,0,63.9918363328,-22.6054263551,146.229401,0.112003,4.953012,180.013718,-22.314520,2.813006,0.242529,0.000018,6.179495,-229.890564,-228.697113,12.000000,40.000000,0.000000,0.000000,-229.999863,-230.000000,146.229401,0.000031,0.001073,270.021332,231.550308,-0.019325,-2.498508,-1640.268188,0.000000
0.000000,0.000000,0.000000,0.000000,0.000000,0.000000,0.000000,0.000000,0,0,0,0,0,0,63.9918363328,-22.6054263552,146.229416,0.112272,4.952964,180.013748,-23.512077,2.838093,0.253807,0.000019,5.168794,-236.165451,-234.972000,12.000000,40.000000,0.000000,0.000000,-229.999863,-230.000000,146.229416,0.000030,0.001073,270.021332,230.710953,-0.019373,-2.498661,-1655.223755,0.000000
0.000000,0.000000,0.000000,0.000000,0.000000,0.000000,0.000000,0.000000,0,0,0,0,0,0,63.9918363328,-22.6054263554,146.229416,0.112588,4.952910,180.013763,-24.867277,2.868555,0.265690,0.000019,4.661304,-243.102585,-241.909149,12.000000,40.000000,0.000000,0.000000,-239.999863,-240.000000,146.229416,0.000028,0.001073,270.021332,229.353348,-0.019428,-2.498819,-1657.031982,0.000000
0.000000,0.000000,0.000000,0.000000,0.000000,0.000000,0.000000,0.000000,0,0,0,0,0,0,63.9918363328,-22.6054263555,146.229416,0.112901,4.952855,180.013794,-26.193380,2.900345,0.274117,0.000019,3.453983,-245.605484,-244.412048,12.000000,40.000000,0.000000,0.000000,-239.999863,-240.000000,146.229416,0.000027,0.001073,270.021332,227.614243,-0.019481,-2.498958,-1489.395752,0.000000
0.000000,0.000000,0.000000,0.000000,0.000000,0.000000,0.000000,0.000000,0,0,0,0,0,0,63.9918363328,-22.6054263557,146.229431,0.113142,4.952811,180.013809,-27.232986,2.926779,0.280132,0.000021,2.667165,-245.794998,-244.601563,12.000000,40.000000,0.000000,0.000000,-239.999863,-240.000000,146.229431,0.000026,0.001208,270.021332,225.974976,-0.019527,-2.499057,-1281.210693,0.000000
0.000000,0.000000,0.000000,0.000000,0.000000,0.000000,0.000000,0.000000,0,0,0,0,0,0,63.9918363328,-22.6054263558,146.229431,0.113368,4.952770,180.013824,-28.169216,2.951839,0.284112,0.000022,2.551599,-245.831757,-244.638321,12.000000,40.000000,0.000000,0.000000,-239.999863,-240.000000,146.229431,0.000025,0.001241,270.021332,224.298508,-0.019563,-2.499140,-1084.014648,0.000000
0.000000,0.000000,0.000000,0.000000,0.000000,0.000000,0.000000,0.000000,0,0,0,0,0,0,63.9918363328,-22.6054263559,146.229431,0.113632,4.952720,180.013855,-29.172209,2.980057,0.286469,0.000023,2.526260,-245.852966,-244.659515,12.000000,40.000000,0.000000,0.000000,-239.999863,-240.000000,146.229431,0.000024,0.001375,270.021332,222.300629,-0.019599,-2.499222,-867.854736,0.000000
0.000000,0.000000,0.000000,0.000000,0.000000,0.000000,0.000000,0.000000,0,0,0,0,0,0,63.9918363328,-22.6054263561,146.229446,0.113971,4.952649,180.013885,-29.962942,3.003219,0.291523,0.000016,2.510758,-245.880508,-244.687057,12.000000,40.000000,0.000000,0.000000,-239.999863,-240.000000,146.229446,0.000023,0.000939,270.021332,219.021561,-0.019672,-2.499331,-543.216370,0.000000
0.000000,0.000000,0.000000,0.000000,0.000000,0.000000,0.000000,0.000000,0,0,0,0,0,0,63.9918363327,-22.6054263561,146.229446,0.114094,4.952621,180.013885,-29.963257,3.003023,0.301405,0.000008,2.513521,-245.899078,-244.705643,12.000000,40.000000,0.000000,0.000000,-239.999863,-240.000000,146.229446,0.000022,0.000403,270.021332,216.280746,-0.019730,-2.499404,-290.382111,0.000000
0.000000,0.000000,0.000000,0.000000,0.000000,0.000000,0.000000,0.000000,0,0,0,0,0,0,63.9918363327,-22.6054263561,146.229446,0.114142,4.952612,180.013901,-29.963381,3.002868,0.308823,0.000004,2.517257,-245.913406,-244.719955,12.000000,40.000000,0.000000,0.000000,-239.999863,-240.000000,146.229446,0.000021,0.000268,270.021332,214.036652,-0.019768,-2.499457,-91.229866,0.000000
0.000000,0.000000,0.000000,0.000000,0.000000,0.000000,0.000000,0.000000,0,0,0,0,0,0,63.9918363327,-22.6054263561,146.229446,0.114165,4.952608,180.013901,-29.963440,3.002733,0.315420,0.000003,2.519798,-245.925888,-244.732452,12.000000,40.000000,0.000000,0.000000,-239.999863,-240.000000,146.229446,0.000020,0.000168,270.021332,212.049240,-0.019789,-2.499498,-19.303337,0.000000
0.000000,0.000000,0.000000,0.000000,0.000000,0.000000,0.000000,0.000000,0,0,0,0,0,0,63.9918363327,-22.6054263562,146.229446,0.114180,4.952606,180.013901,-29.963478,3.002584,0.320251,0.000001,2.518707,-245.940399,-244.746948,12.000000,40.000000,0.000000,0.000000,-239.999863,-240.000000,146.229446,0.000019,0.000067,270.021332,209.813675,-0.019814,-2.499540,-11.548885,0.000000
0.000000,0.000000,0.000000,0.000000,0.000000,0.000000,0.000000,0.000000,0,0,0,0,0,0,63.9918363327,-22.6054263562,146.229446,0.114186,4.952605,180.013901,-29.963495,3.002470,0.311274,0.000001,2.522018,-245.950684,-244.757248,12.000000,40.000000,0.000000,0.000000,-239.999863,-240.000000,146.229446,0.000019,0.000000,270.021332,208.091797,-0.019829,-2.499570,-8.234643,0.000000
0.000000,0.000000,0.000000,0.000000,0.000000,0.000000,0.000000,0.000000,0,0,0,0,0,0,63.9918363327,-22.6054263562,146.229446,0.114190,4.952605,180.013901,-29.963505,3.002356,0.315743,0.000001,2.522783,-245.961441,-244.768005,12.000000,40.000000,0.000000,0.000000,-239.999863,-240.000000,146.229446,0.000018,0.000000,270.021332,206.360977,-0.019841,-2.499598,-8.985573,0.000000
0.000000,0.000000,0.000000,0.000000,0.000000,0.000000,0.000000,0.000000,0,0,0,0,0,0,63.9918363327,-22.6054263562,146.229446,0.114193,4.952605,180.013901,-29.963514,3.002214,0.282626,0.000000,2.519716,-245.975632,-244.782181,12.000000,40.000000,0.000000,0.000000,-239.999863,-240.000000,146.229446,0.000018,0.000034,270.021332,204.194504,-0.019854,-2.499630,-12.716324,0.000000
0.000000,0.000000,0.000000,0.000000,0.000000,0.000000,0.000000,0.000000,0,0,0,0,0,0,63.9918363327,-22.6054263562,146.229446,0.114194,4.952605,180.013901,-29.963518,3.002043,0.292715,0.000000,2.516153,-245.992599,-244.799164,12.000000,40.000000,0.000000,0.000000,-239.999863,-240.000000,146.229446,0.000017,0.000000,270.021332,201.606125,-0.019867,-2.499665,-17.189243,0.000000
0.000000,0.000000,0.000000,0.000000,0.000000,0.000000,0.200000,0.000000,0,0,0,0,0,0,63.9918363327,-22.6054263562,146.229446,0.114195,4.952605,180.013901,-29.963520,3.001928,0.215349,0.000000,2.521034,-246.002609,-244.809158,12.000000,40.000000,0.000000,0.000000,-239.999863,-240.000000,146.229446,0.000017,0.000000,270.021332,199.896667,-0.019875,-2.499687,-12.467118,0.000000
0.000000,0.000000,0.000000,0.000000,0.000000,0.000000,0.200000,0.000000,0,0,0,0,0,0,63.9918363327,-22.6054263562,146.229446,0.114195,4.952618,180.013901,-29.963554,3.001740,-0.818078,-0.000006,2.514719,143.067337,-244.828003,12.000000,40.000000,0.000000,0.000000,-239.999863,-240.000000,146.229446,0.000016,-0.000369,282.893005,197.162811,-0.019884,-2.499719,-10.507729,0.000000
0.000000,0.000000,0.000000,0.000000,0.000000,0.000000,0.200000,0.000000,0,0,0,0,0,0,63.9918363327,-22.6054263562,146.229446,0.114194,4.952630,180.013901,-29.963545,3.001591,-0.760108,-0.000004,2.517179,143.053497,-244.841843,12.000000,40.000000,0.000000,0.000000,-239.999863,-240.000000,146.229446,0.000015,-0.000201,282.893005,195.007980,-0.019890,-2.499743,-13.192285,0.000000
0.000000,0.000000,0.000000,0.000000,0.000000,0.000000,0.200000,0.000000,0,0,0,0,0,0,63.9918363328,-22.6054263562,146.229446,0.114195,4.952640,180.013901,-29.963526,3.001475,-0.213050,-0.000001,2.520322,143.042496,-244.852844,12.000000,40.000000,0.000000,0.000000,-239.999863,-240.000000,146.229446,0.000015,-0.000134,282.893005,193.306915,-0.019897,-2.480836,-12.235464,51.452553
0.000000,0.000000,0.000000,0.000000,0.000000,0.000000,0.200000,0.000000,0,0,0,0,0,0,63.9918363325,-22.6054263561,146.229462,0.113975,4.951540,180.013885,-29.961615,3.001443,0.057027,0.000029,2.506327,143.010010,-244.885330,12.000000,40.000000,0.000000,0.000000,-239.999863,-240.000000,146.229462,0.000014,0.004227,282.893005,189.125443,-0.019933,-2.306619,-18.895100,169.415253
0.000000,0.000000,0.000000,0.000000,0.000000,0.000000,0.200000,0.000000,0,0,0,0,0,0,63.9918363321,-22.6054263559,146.229477,0.113633,4.949646,180.013855,-29.960209,3.001463,0.054053,0.000046,2.514170,142.995071,-244.900269,12.000000,40.000000,0.000000,0.000000,-239.999863,-240.000000,146.229477,0.000013,0.006944,282.893005,187.002670,-0.019938,-2.164205,-9.083593,224.767700
0.000000,0.000000,0.000000,0.000000,0.000000,0.000000,0.200000,0.000000,0,0,0,0,0,0,63.9918363316,-22.6054263557,146.229492,0.113241,4.947366,180.013809,-29.959187,3.001457,0.052400,0.000058,2.517788,142.982117,-244.913223,11.694295,38.980984,0.000000,0.000000,-239.999863,-240.000000,146.229492,0.000013,0.008856,282.893005,185.330566,-0.019929,-2.032827,-18.700615,266.004150
0.000000,0.000000,0.000000,0.000000,0.000000,0.000000,0.200000,0.000000,0,0,0,0,0,0,63.9918363311,-22.6054263555,146.229523,0.112823,4.944870,180.013779,-29.958473,3.001423,0.051388,0.000066,2.519855,142.970261,-244.925079,11.371771,37.905903,0.000000,0.000000,-239.999863,-240.000000,146.229523,0.000013,0.010164,282.893005,183.906525,-0.019911,-1.910146,-10.241245,299.439331
0.000000,0.000000,0.000000,0.000000,0.000000,0.000000,0.200000,0.000000,0,0,0,0,0,0,63.9918363305,-22.6054263553,146.229553,0.112387,4.942229,180.013748,-29.958002,3.001364,0.050561,0.000070,2.521009,142.958923,-244.936417,11.033577,36.778591,0.000000,0.000000,-239.999863,-240.000000,146.229553,0.000012,0.011070,282.893005,182.635727,-0.019884,-1.793774,-12.575860,327.968689
0.000000,0.000000,0.000000,0.000000,0.000000,0.000000,0.200000,0.000000,0,0,0,0,0,0,63.9918363300,-22.6054263551,146.229568,0.111955,4.939576,180.013702,-29.957727,3.001285,0.049947,0.000073,2.521986,142.948242,-244.947098,10.690477,35.634922,0.000000,0.000000,-239.999863,-240.000000,146.229568,0.000012,0.011439,282.893005,181.508240,-0.019849,-1.685989,-10.370489,352.265442
0.000000,0.000000,0.000000,0.000000,0.000000,0.000000,0.200000,0.000000,0,0,0,0,0,0,63.9918363293,-22.6054263548,146.229599,0.111399,4.936143,180.013657,-29.957598,3.001158,0.049373,0.000073,2.519024,142.934143,-244.961197,10.238837,34.129448,0.000003,0.000000,-239.999863,-240.000000,146.229599,0.000011,0.011674,282.892975,180.195755,-0.019795,-1.555990,-12.664497,379.389099
0.000000,0.000000,0.000000,0.000000,0.000000,0.000000,0.200000,0.000000,0,0,0,0,0,0,63.9918363286,-22.6054263546,146.229630,0.110928,4.933210,180.013626,-29.957645,3.001030,0.048963,0.000072,2.520613,142.922913,-244.972427,9.834632,32.782066,0.000012,0.000000,-239.999863,-240.000000,146.229630,0.000011,0.011506,282.892822,179.167313,-0.019731,-1.451090,-14.238257,399.823059
0.000000,0.000000,0.000000,0.000000,0.000000,0.000000,0.200000,0.000000,0,0,0,0,0,0,63.9918363267,-22.6054263539,146.229721,0.109465,4.924005,180.013489,-29.958437,3.000509,0.048110,0.000061,2.503402,142.881165,-245.014175,8.474058,28.245405,0.000440,0.000010,-249.999863,-250.000000,146.229721,0.000010,0.009896,282.886322,176.325424,-0.019522,-1.144302,-4.461682,453.398682
0.000000,0.000000,0.000000,0.000000,0.000000,0.000000,0.200000,0.000000,0,0,0,0,0,0,63.9918363253,-22.6054263534,146.229782,0.108410,4.917320,180.013397,-29.957708,3.000345,0.063585,0.000101,2.504216,142.848129,-245.047211,7.254442,24.168167,0.004019,0.000089,-249.999863,-250.000000,146.229782,0.000009,0.013049,282.831726,174.647537,-0.019384,-0.932620,-16.927710,533.842651
0.000000,0.000000,0.000000,0.000000,0.000000,0.000000,0.200000,0.000000,0,0,0,0,0,0,63.9918363214,-22.6054263519,146.229965,0.105297,4.899318,180.013138,-29.937548,3.002756,0.050773,0.000328,2.509692,142.822861,-245.072479,6.243373,20.753954,0.017300,0.000378,-249.999863,-250.000000,146.229965,0.000123,0.050720,282.628693,173.833618,-0.019432,-0.795906,-15.258620,722.988037
0.000000,0.000000,0.000000,0.000000,0.000000,0.000000,0.200000,0.000000,0,0,0,0,0,0,63.9918363179,-22.6054263507,146.230118,0.102745,4.882712,180.012924,-29.929871,3.003457,0.045815,0.000369,2.519228,142.811005,-245.084335,5.597155,18.536394,0.036472,0.000785,-249.999863,-250.000000,146.230118,0.000271,0.058805,282.334320,173.572891,-0.019270,-0.732238,-19.412767,795.995239
0.000000,0.000000,0.000000,0.000000,0.000000,0.000000,0.200000,0.000000,0,0,0,0,0,0,63.9918363123,-22.6054263495,146.230240,0.100339,4.869597,180.012619,-29.858139,3.009890,0.019617,0.000408,2.528799,142.799469,-245.095871,5.016990,16.484730,0.072029,0.001524,-249.999863,-250.000000,146.230240,0.000503,0.047668,281.786194,173.434723,-0.019379,-0.679329,-10.034700,846.899902
0.000000,0.000000,0.000000,0.000000,0.000000,0.000000,0.200000,0.000000,0,0,0,0,0,0,63.9918363007,-22.6054263486,146.230331,0.098270,4.862739,180.012283,-29.724848,3.021800,0.011750,0.000521,2.544280,142.789108,-245.106232,4.547094,14.726875,0.129842,0.002701,-249.999863,-250.000000,146.230331,0.000990,0.038007,280.891785,173.386932,-0.018669,-0.635535,-8.210839,881.522278
0.000000,0.000000,0.000000,0.000000,0.000000,0.000000,0.200000,0.000000,0,0,0,0,0,0,63.9918362787,-22.6054263477,146.230423,0.096391,4.859028,180.011902,-29.544960,3.038415,0.009218,0.000709,2.563877,142.778442,-245.116898,4.141628,13.053101,0.227091,0.004643,-249.999863,-250.000000,146.230423,0.001904,0.037638,279.381653,173.408005,-0.018347,-0.594573,-8.770341,907.316467
0.000000,0.000000,0.000000,0.000000,0.000000,0.000000,0.200000,0.000000,0,0,0,0,0,0,63.9918362437,-22.6054263470,146.230515,0.094784,4.857192,180.011414,-29.327538,3.058441,0.008039,0.000934,2.587274,142.767700,-245.127640,3.821677,11.471262,0.382606,0.007692,-249.999863,-250.000000,146.230515,0.003355,0.041395,276.954498,173.496063,-0.018174,-0.556267,-9.002251,925.451111
0.000000,0.000000,0.000000,0.000000,0.000000,0.000000,0.200000,0.000000,0,0,0,0,0,0,63.9918361934,-22.6054263464,146.230606,0.093474,4.856409,180.010666,-29.086859,3.080870,0.007681,0.001230,2.613488,142.756927,-245.138412,3.611198,9.987034,0.618763,0.012248,-249.999863,-250.000000,146.230606,0.005420,0.046795,273.240936,173.649033,-0.016942,-0.520468,-9.054220,937.066284
0.000000,0.000000,0.000000,0.000000,0.000000,0.000000,0.200000,0.000000,0,0,0,0,0,0,63.9918361072,-22.6054263459,146.230759,0.092244,4.856141,180.009781,-28.775881,3.111043,0.007321,0.001601,2.645651,142.742889,-245.152451,3.537452,8.275450,1.061011,0.020647,-249.999863,-250.000000,146.230759,0.008924,0.055550,266.191681,173.928085,-0.015710,-0.478944,-12.502287,944.038818
0.000000,0.000000,0.000000,0.000000,0.000000,0.000000,0.200000,0.000000,0,0,0,0,0,0,63.9918360187,-22.6054263456,146.230911,0.091583,4.856135,180.008820,-28.521515,3.135707,0.007246,0.001933,2.676688,142.732605,-245.162735,3.647105,7.023740,1.548922,0.029799,-249.999863,-250.000000,146.230911,0.012479,0.066419,258.254272,174.218597,-0.014372,-0.448160,-8.345632,944.756958
0.000000,0.000000,0.000000,0.000000,0.000000,0.000000,0.200000,0.000000,0,0,0,0,0,0,63.9918359055,-22.6054263456,146.231094,0.091103,4.856125,180.007904,-28.270018,3.162125,0.006919,0.002196,2.707053,142.721191,-245.174149,3.919113,5.810203,2.188560,0.041693,-249.999863,-250.000000,146.231094,0.016973,0.087351,247.544083,174.589691,-0.013520,-0.417629,-12.596615,941.818359
0.000000,0.000000,0.000000,0.000000,0.000000,0.000000,0.249500,0.000000,0,0,0,0,0,0,63.9918357646,-22.6054263457,146.231323,0.090914,4.856015,180.006821,-28.007362,3.188992,0.006857,0.002532,2.737625,142.709015,-245.186325,4.326444,4.656000,2.946355,0.055702,-249.999863,-250.000000,146.231323,0.022494,0.096945,234.274414,175.049088,-0.011997,-0.387573,-17.833378,935.513916
0.000000,0.000000,0.000000,0.000000,0.000000,0.000000,0.249500,0.000000,0,0,0,0,0,0,63.9918356029,-22.6054263458,146.231567,0.090953,4.855764,180.005661,-27.762266,3.214538,0.006788,0.002841,2.767198,142.696991,-245.198349,4.749414,3.634810,3.679744,0.069242,-249.999863,-250.000000,146.231567,0.028739,0.114522,220.545624,175.572891,-0.011300,-0.359697,-10.471337,927.488892
0.000000,0.000000,0.000000,0.000000,0.000000,0.000000,0.249500,0.000000,0,0,0,0,0,0,63.9918354532,-22.6054263458,146.231796,0.091162,4.855459,180.004578,-27.562006,3.234397,0.006901,0.003156,2.792481,142.687439,-245.207901,5.023483,2.883802,4.181913,0.078569,-249.999863,-250.000000,146.231796,0.034444,0.112711,210.296448,176.055527,-0.010447,-0.338021,-18.523262,920.456360
0.000000,0.000000,0.000000,0.000000,0.000000,0.000000,0.249500,0.000000,0,0,0,0,0,0,63.9918352906,-22.6054263461,146.232056,0.091347,4.855088,180.003387,-27.393116,3.253748,0.006797,0.003358,2.815182,142.677612,-245.217728,5.174238,2.222240,4.533126,0.085199,-249.999863,-250.000000,146.232056,0.040561,0.131630,202.323364,176.577408,-0.008997,-0.317693,-13.050911,913.305420
0.000000,0.000000,0.000000,0.000000,0.000000,0.000000,0.299000,0.000000,0,0,0,0,0,0,63.9918350794,-22.6054263463,146.232376,0.091721,4.854595,180.001862,-27.193802,3.275189,0.006781,0.003629,2.838195,142.665253,-245.230087,5.193843,1.545756,4.757012,0.089653,-249.999863,-250.000000,146.232376,0.048386,0.141526,196.396255,177.251846,-0.007578,-0.294929,-18.753897,904.775269
0.000000,0.000000,0.000000,0.000000,0.000000,0.000000,0.356750,0.000000,0,0,0,0,0,0,63.9918348125,-22.6054263464,146.232788,0.092188,4.853974,179.999893,-26.971298,3.298087,0.006845,0.003968,2.862683,142.650848,-245.244492,5.088508,0.919129,4.840277,0.091693,-249.999863,-250.000000,146.232788,0.058099,0.139949,193.577759,178.099304,-0.005560,-0.270476,-18.838057,896.196777
0.000000,0.000000,0.000000,0.000000,0.000000,0.000000,0.403500,0.000000,0,0,0,0,0,0,63.9918345813,-22.6054263468,146.233139,0.092487,4.853493,179.998230,-26.827568,3.316251,0.006809,0.004178,2.885051,142.640137,-245.255203,4.986623,0.540827,4.852076,0.092336,-249.999863,-250.000000,146.233139,0.066362,0.158600,192.990265,178.828384,-0.004348,-0.252204,-17.599752,891.926697
0.000000,0.000000,0.000000,0.000000,0.000000,0.000000,0.491500,0.000000,0,0,0,0,0,0,63.9918343519,-22.6054263469,146.233490,0.092781,4.853113,179.996597,-26.683840,3.332575,0.006802,0.004386,2.904850,142.629883,-245.265472,4.912296,0.289961,4.853123,0.092716,-249.999863,-250.000000,146.233490,0.074434,0.168765,192.882584,179.545914,-0.003223,-0.236163,-14.643294,891.405518
0.000000,0.000000,0.000000,0.000000,0.000000,0.000000,0.532750,0.000000,0,0,0,0,0,0,63.9918341265,-22.6054263469,146.233841,0.093026,4.852868,179.994995,-26.532770,3.347685,0.006871,0.004634,2.923428,142.620255,-245.275085,4.869168,0.147094,4.852927,0.092956,-249.999863,-250.000000,146.233841,0.082252,0.163230,192.868225,180.243195,-0.002151,-0.222081,-9.061309,895.540344
0.000000,0.000000,0.000000,0.000000,0.000000,0.000000,0.574000,0.000000,0,0,0,0,0,0,63.9918338915,-22.6054263471,146.234192,0.093260,4.852541,179.993408,-26.434607,3.360472,0.006736,0.004703,2.938795,142.610489,-245.284851,4.852787,0.093610,4.852654,0.093168,-249.999863,-250.000000,146.234192,0.090288,0.180103,192.865540,180.961472,-0.001349,-0.208848,-18.810394,846.767029
0.000000,0.000000,0.000000,0.000000,0.000000,0.000000,0.618000,0.000000,0,0,0,0,0,0,63.9918336345,-22.6054263475,146.234589,0.094185,4.851365,179.991882,-26.382156,3.365905,0.006632,0.004702,2.945644,142.599884,-245.295456,4.851611,0.093996,4.851611,0.093996,-249.999863,-250.000000,146.234589,0.098909,0.184162,192.863831,181.747650,-0.000606,-0.195571,-17.430618,796.122192
0.000000,0.000000,0.000000,0.000000,0.000000,0.000000,0.662000,0.000000,0,0,0,0,0,0,63.9918333761,-22.6054263481,146.234970,0.095549,4.849557,179.990570,-26.390570,3.364374,0.006628,0.004682,2.944789,142.589386,-245.305954,4.849834,0.095345,4.849834,0.095345,-249.999863,-250.000000,146.234970,0.107364,0.180975,192.862427,182.551224,-0.000280,-0.183109,-15.028457,749.134766
0.000000,0.000000,0.000000,0.000000,0.000000,0.000000,0.706000,0.000000,0,0,0,0,0,0,63.9918331208,-22.6054263487,146.235352,0.097097,4.847451,179.989426,-26.451977,3.356751,0.006625,0.004586,2.936996,142.578934,-245.316406,4.847757,0.096875,4.847757,0.096875,-249.999863,-250.000000,146.235352,0.115464,0.174903,192.861252,183.368927,-0.000305,-0.171420,-13.090066,705.430908
0.000000,0.000000,0.000000,0.000000,0.000000,0.000000,0.761000,0.000000,0,0,0,0,0,0,63.9918328120,-22.6054263495,146.235809,0.099069,4.844731,179.988220,-26.594122,3.339799,0.006583,0.004348,2.916119,142.565231,-245.330109,4.845040,0.098849,4.845040,0.098849,-249.999863,-250.000000,146.235809,0.124848,0.166953,192.860016,184.405975,-0.000714,-0.157830,-12.186568,654.918030
0.000000,0.000000,0.000000,0.000000,0.000000,0.000000,0.805000,0.000000,0,0,0,0,0,0,63.9918325773,-22.6054263502,146.236160,0.100573,4.842612,179.987488,-26.754169,3.321071,0.006584,0.004116,2.897267,142.555237,-245.340103,4.842912,0.100365,4.842912,0.100365,-249.999863,-250.000000,146.236160,0.131602,0.157997,192.859238,185.243652,-0.001363,-0.147710,-7.571800,617.432800
0.000000,0.000000,0.000000,0.000000,0.000000,0.000000,0.849000,0.000000,0,0,0,0,0,0,63.9918323570,-22.6054263507,146.236496,0.101970,4.840619,179.987030,-26.952066,3.298362,0.006565,0.003823,2.872528,142.544876,-245.350464,4.840899,0.101781,4.840899,0.101781,-249.999863,-250.000000,146.236496,0.137566,0.144444,192.858734,186.085083,-0.002403,-0.138202,-18.366074,582.267700
0.000000,0.000000,0.000000,0.000000,0.000000,0.000000,0.887500,0.000000,0,0,0,0,0,0,63.9918321780,-22.6054263512,146.236755,0.103092,4.839000,179.986740,-27.153786,3.275598,0.006545,0.003529,2.848330,142.536026,-245.359329,4.839265,0.102917,4.839265,0.102917,-249.999863,-250.000000,146.236755,0.142065,0.134012,192.858444,186.822052,-0.003589,-0.130373,-19.676203,553.195496
0.000000,0.000000,0.000000,0.000000,0.000000,0.000000,0.931500,0.000000,0,0,0,0,0,0,63.9918319912,-22.6054263517,146.237030,0.104261,4.837282,179.986481,-27.415070,3.246651,0.006512,0.003153,2.814844,142.525284,-245.370056,4.837524,0.104101,4.837524,0.104101,-249.999863,-250.000000,146.237030,0.146315,0.120561,192.858170,187.662399,-0.004764,-0.121963,-18.884775,521.681580
0.000000,0.000000,0.000000,0.000000,0.000000,0.000000,0.975500,0.000000,0,0,0,0,0,0,63.9918318255,-22.6054263521,146.237274,0.105310,4.835732,179.986252,-27.707787,3.214930,0.006498,0.002754,2.778567,142.514679,-245.380661,4.835952,0.105166,4.835952,0.105166,-249.999863,-250.000000,146.237274,0.149551,0.105801,192.857941,188.497971,-0.005923,-0.114091,-17.432053,491.742706
0.000000,0.000000,0.000000,0.000000,0.000000,0.000000,1.000000,0.000000,0,0,0,0,0,0,63.9918316828,-22.6054263525,146.237488,0.106237,4.834327,179.986084,-28.030714,3.180747,0.006447,0.002311,2.739493,142.504105,-245.391235,4.834527,0.106109,4.834527,0.106109,-249.999863,-250.000000,146.237488,0.151721,0.085338,192.857758,189.325958,-0.007060,-0.106723,-15.206501,463.120880
0.000000,0.000000,0.000000,0.000000,0.000000,0.000000,1.000000,0.000000,0,0,0,0,0,0,63.9918315646,-22.6054263528,146.237656,0.107063,4.833053,179.985962,-28.383205,3.144374,0.006379,0.001842,2.697759,142.493484,-245.401855,4.833236,0.106948,4.833236,0.106948,-249.999863,-250.000000,146.237656,0.152779,0.068197,192.857620,190.143646,-0.008170,-0.099826,-15.020543,435.562927
0.000000,0.000000,0.000000,0.000000,0.000000,0.000000,1.000000,0.000000,0,0,0,0,0,0,63.9918314539,-22.6054263532,146.237808,0.107969,4.831620,179.985870,-28.865110,3.096175,0.006232,0.001221,2.639210,142.479584,-245.415756,4.831784,0.107869,4.831784,0.107869,-249.999863,-250.000000,146.237808,0.152484,0.046258,192.857529,191.147354,-0.009505,-0.091821,-17.381891,402.259033
0.000000,0.000000,0.000000,0.000000,0.000000,0.000000,1.000000,0.000000,0,0,0,0,0,0,63.9918313755,-22.6054263537,146.237915,0.108978,4.829980,179.985825,-29.556362,3.029467,0.005206,0.000349,2.556999,142.461334,-245.434006,4.830123,0.108889,4.830123,0.108889,-249.999863,-250.000000,146.237915,0.149327,0.010231,192.857468,192.414215,-0.010944,-0.082361,-9.122872,360.090332
0.000000,0.000000,0.000000,0.000000,0.000000,0.000000,1.000000,0.000000,0,0,0,0,0,0,63.9918313681,-22.6054263541,146.237823,0.109789,4.840187,179.985870,-30.011311,2.988019,-0.030524,-0.000420,2.502920,142.444565,-245.450775,4.836970,0.109714,4.836970,0.109714,-249.999863,-250.000000,146.237823,0.143744,-0.086815,192.857513,193.583466,-0.012892,-0.074166,-10.133736,319.746704
0.000000,0.000000,0.000000,0.000000,0.000000,0.000000,1.000000,0.000000,0,0,0,0,0,0,63.9918313745,-22.6054263543,146.237595,0.110302,4.870737,179.985947,-30.017570,2.987336,-0.029740,-0.000442,2.506389,142.433975,-245.461365,4.866315,0.110229,4.866315,0.110229,-249.999863,-250.000000,146.237595,0.140001,-0.097415,192.857574,194.347183,-0.013695,-0.069061,-10.180535,291.807892
0.000000,0.000000,0.000000,0.000000,0.000000,0.000000,1.000000,0.000000,0,0,0,0,0,0,63.9918313794,-22.6054263545,146.237411,0.110746,4.894317,179.985992,-29.997908,2.989012,-0.029931,-0.000341,2.511098,142.424149,-245.471191,4.890762,0.110674,4.890762,0.110674,-249.999863,-250.000000,146.237411,0.136752,-0.075443,192.857635,194.997787,-0.014409,-0.064848,-19.005331,266.364105
0.000000,0.000000,0.000000,0.000000,0.000000,0.000000,1.000000,0.000000,0,0,0,0,0,0,63.9918313834,-22.6054263548,146.237274,0.111230,4.913437,179.986053,-29.976749,2.990815,-0.030505,-0.000233,2.512371,142.412323,-245.483017,4.911004,0.111161,4.911004,0.111161,-249.999863,-250.000000,146.237274,0.133099,-0.051089,192.857697,195.706802,-0.015043,-0.060384,-9.148837,236.005234
0.000000,0.000000,0.000000,0.000000,0.000000,0.000000,1.000000,0.000000,0,0,0,0,0,0,63.9918313859,-22.6054263550,146.237183,0.111665,4.925472,179.986099,-29.962786,2.991977,-0.031522,-0.000162,2.514338,142.401489,-245.493851,4.923823,0.111598,4.923823,0.111598,-249.999863,-250.000000,146.237183,0.129701,-0.034853,192.857742,196.344879,-0.015607,-0.056464,-10.381870,205.044083
0.000000,0.000000,0.000000,0.000000,0.000000,0.000000,1.000000,0.000000,0,0,0,0,0,0,63.9918313881,-22.6054263553,146.237091,0.112228,4.936002,179.986160,-29.951426,2.992867,-0.033947,-0.000106,2.510765,142.385681,-245.509659,4.935009,0.112165,4.935009,0.112165,-249.999863,-250.000000,146.237091,0.125076,-0.021536,192.857788,197.173111,-0.016226,-0.051486,-18.572884,155.524353
0.000000,0.000000,0.000000,0.000000,0.000000,0.000000,1.000000,0.000000,0,0,0,0,0,0,63.9918313893,-22.6054263555,146.237045,0.112662,4.941586,179.986191,-29.946371,2.993208,-0.036840,-0.000081,2.513384,142.373856,-245.521484,4.940889,0.112602,4.940889,0.112602,-249.999863,-250.000000,146.237045,0.121376,-0.015666,192.857834,197.806274,-0.016761,-0.047742,-10.191031,101.305351
0.000000,0.000000,0.000000,0.000000,0.000000,0.000000,1.000000,0.000000,0,0,0,0,0,0,63.9918313901,-22.6054263556,146.237015,0.113030,4.945254,179.986237,-29.943729,2.993352,-0.039116,-0.000067,2.515482,142.363358,-245.531982,4.944715,0.112973,4.944715,0.112973,-249.999863,-250.000000,146.237015,0.118180,-0.012445,192.857864,198.334030,-0.017140,-0.044642,-8.559294,0.000000
0.000000,-0.050000,0.000000,0.000000,0.000000,0.000000,1.000000,0.000000,0,0,0,0,0,0,63.9918313906,-22.6054263558,146.237000,0.113327,4.947996,179.986252,-29.941347,2.993522,-0.037606,-0.000044,2.516143,142.352615,-245.542725,4.947607,0.113285,4.947607,0.113285,-249.999863,-250.000000,146.237000,0.115067,-0.008554,192.857895,198.827789,-0.017495,-0.041746,-8.977404,0.000000
-0.050000,-0.050000,0.000000,0.000000,0.000000,0.000000,1.000000,0.000000,0,0,0,0,0,0,63.9918313910,-22.6054263559,146.236969,0.113524,4.949884,179.986267,-29.939726,2.993608,-0.046294,-0.000038,2.516371,142.341812,-245.553528,4.949615,0.113497,4.949615,0.113497,-249.999863,-250.000000,146.236969,0.112037,-0.006340,192.857910,199.286682,-0.017805,-0.039041,-9.137407,0.000000
0.000000,-0.100000,0.000000,0.000000,0.000000,0.000000,1.000000,0.000000,0,0,0,0,0,0,63.9918313913,-22.6054263559,146.236969,0.113586,4.951134,179.986282,-29.938776,2.993670,-0.049053,-0.000025,2.516469,142.331009,-245.564331,4.950960,0.113582,4.950960,0.113582,-249.999863,-250.000000,146.236969,0.109086,-0.003958,192.857925,199.710022,-0.018089,-0.036516,-9.170300,0.000000
-0.050000,-0.100000,0.000000,0.000000,0.000000,0.000000,1.000000,0.000000,0,0,0,0,0,0,63.9918313915,-22.6054263559,146.236954,0.113658,4.951984,179.986282,-29.937624,2.993612,-0.063515,-0.000024,2.516454,142.320206,-245.575134,4.951858,0.113643,4.951858,0.113643,-249.999863,-250.000000,146.236954,0.106214,-0.003422,192.857925,200.097260,-0.018296,-0.034153,-9.162473,0.000000
-0.050000,-0.100000,0.000000,0.000000,0.000000,0.000000,1.000000,0.000000,0,0,0,0,0,0,63.9918313916,-22.6054263559,146.236954,0.113673,4.952517,179.986282,-29.937548,2.993591,-0.068331,-0.000018,2.517917,142.311035,-245.584305,4.952427,0.113675,4.952427,0.113675,-249.999863,-250.000000,146.236954,0.103762,-0.002348,192.857925,200.406143,-0.018468,-0.032214,-15.456882,0.000000
-0.050000,-0.100000,0.000000,0.000000,0.000000,0.000000,1.000000,0.000000,0,0,0,0,0,0,63.9918313917,-22.6054263559,146.236954,0.113646,4.952952,179.986282,-29.936916,2.993519,-0.071462,-0.000011,2.515141,142.298386,-245.596954,4.952900,0.113650,4.952900,0.113650,-249.999863,-250.000000,146.236954,0.100693,-0.001375,192.857925,200.761917,-0.018682,-0.029882,-12.352028,0.000000
-0.050000,-0.100000,0.000000,0.000000,0.000000,0.000000,1.000000,0.000000,0,0,0,0,0,0,63.9918313917,-22.6054263559,146.236938,0.113629,4.953179,179.986282,-29.936535,2.993436,-0.075380,-0.000007,2.516006,142.287766,-245.607574,4.953148,0.113631,4.953148,0.113631,-249.999863,-250.000000,146.236938,0.098041,-0.000805,192.857925,201.038925,-0.018828,-0.027952,-9.106050,0.000000
-0.100000,-0.100000,0.000000,0.000000,0.000000,0.000000,1.000000,0.000000,0,0,0,0,0,0,63.9918313917,-22.6054263559,146.236938,0.113618,4.953314,179.986282,-29.936300,2.993341,-0.080433,-0.000004,2.516169,142.277023,-245.618317,4.953295,0.113619,4.953295,0.113619,-249.999863,-250.000000,146.236938,0.095459,-0.000503,192.857925,201.279022,-0.018955,-0.026146,-9.026153,0.000000
-0.150000,-0.100000,0.000000,0.000000,0.000000,0.000000,1.000000,0.000000,0,0,0,0,0,0,63.9918313918,-22.6054263559,146.236938,0.113551,4.953388,179.986282,-29.936623,2.993259,-0.069734,-0.000004,2.516903,142.267059,-245.628281,4.953377,0.113566,4.953377,0.113566,-249.999863,-250.000000,146.236938,0.093100,-0.000302,192.857925,201.470703,-0.019082,-0.024561,-19.151579,0.000000
-0.200000,-0.100000,0.000000,0.000000,0.000000,0.000000,1.000000,0.000000,0,0,0,0,0,0,63.9918313918,-22.6054263558,146.236938,0.113413,4.953433,179.986267,-29.936876,2.993169,-0.049513,-0.000004,2.517046,142.256989,-245.638351,4.953426,0.113440,4.953426,0.113440,-249.999863,-250.000000,146.236938,0.090800,-0.000235,192.857910,201.630234,-0.019165,-0.023075,-17.042553,0.000000
-0.250000,-0.100000,0.000000,0.000000,0.000000,0.000000,1.000000,0.000000,0,0,0,0,0,0,63.9918313918,-22.6054263557,146.236938,0.113214,4.953461,179.986252,-29.937029,2.993066,-0.040466,-0.000004,2.516235,142.246078,-245.649261,4.953457,0.113249,4.953457,0.113249,-249.999863,-250.000000,146.236938,0.088408,-0.000067,192.857895,201.765335,-0.019245,-0.021592,-15.735774,0.000000
-0.300000,-0.100000,0.000000,0.000000,0.000000,0.000000,1.000000,0.000000,0,0,0,0,0,0,63.9918313918,-22.6054263556,146.236938,0.112985,4.953477,179.986237,-29.937124,2.992959,-0.036216,-0.000004,2.515954,142.235260,-245.660080,4.953475,0.113024,4.953475,0.113024,-249.999863,-250.000000,146.236938,0.086080,-0.000101,192.857880,201.864700,-0.019307,-0.020205,-15.421834,0.000000
-0.350000,-0.100000,0.000000,0.000000,0.000000,0.000000,1.000000,0.000000,0,0,0,0,0,0,63.9918313918,-22.6054263555,146.236938,0.112736,4.953486,179.986221,-29.937189,2.992849,-0.033824,-0.000004,2.515812,142.224472,-245.670868,4.953485,0.112778,4.953485,0.112778,-249.999863,-250.000000,146.236938,0.083813,-0.000034,192.857864,201.928909,-0.019354,-0.018908,-15.345619,0.000000
-0.400000,-0.100000,0.000000,0.000000,0.000000,0.000000,1.000000,0.000000,0,0,0,0,0,0,63.9918313918,-22.6054263554,146.236938,0.112475,4.953492,179.986191,-29.937231,2.992738,-0.032373,-0.000004,2.515705,142.213699,-245.681641,4.953491,0.112520,4.953491,0.112520,-249.999863,-250.000000,146.236938,0.081606,0.000000,192.857849,201.958664,-0.019388,-0.017696,-15.324704,0.000000
-0.400000,-0.150000,0.000000,0.000000,0.000000,0.000000,1.000000,0.000000,0,0,0,0,0,0,63.9918313918,-22.6054263552,146.236938,0.112176,4.953495,179.986176,-29.937204,2.992611,-0.031773,-0.000004,2.514027,142.201294,-245.694046,4.953495,0.112220,4.953495,0.112220,-249.999863,-250.000000,146.236938,0.079192,0.000000,192.857819,201.951950,-0.019413,-0.016426,-7.686280,0.000000
-0.400000,-0.150000,0.000000,0.000000,0.000000,0.000000,1.000000,0.000000,0,0,0,0,0,0,63.9918313918,-22.6054263551,146.236938,0.111978,4.953575,179.986160,-29.937176,2.992450,-0.117063,-0.000013,2.515060,142.190735,-245.704605,4.953555,0.112008,4.953555,0.112008,-249.999863,-250.000000,146.236938,0.077106,-0.000906,192.857803,201.911270,-0.019416,-0.015372,-8.473087,0.000000
-0.400000,-0.150000,0.000000,0.000000,0.000000,0.000000,1.000000,0.000000,0,0,0,0,0,0,63.9918313918,-22.6054263551,146.236938,0.111849,4.953708,179.986145,-29.936859,2.992331,-0.106046,-0.000009,2.515268,142.180023,-245.715317,4.953686,0.111868,4.953686,0.111868,-249.999863,-250.000000,146.236938,0.075076,-0.000805,192.857788,201.838943,-0.019421,-0.014383,-8.908190,0.000000
-0.400000,-0.150000,0.000000,0.000000,0.000000,0.000000,1.000000,0.000000,0,0,0,0,0,0,63.9918313918,-22.6054263550,146.236938,0.111774,4.953802,179.986145,-29.936596,2.992236,-0.104248,-0.000006,2.516744,142.170883,-245.724457,4.953785,0.111787,4.953785,0.111787,-249.999863,-250.000000,146.236938,0.073343,-0.000570,192.857788,201.750565,-0.019424,-0.013569,-13.842258,0.000000
-0.400000,-0.150000,0.000000,0.000000,0.000000,0.000000,1.000000,0.000000,0,0,0,0,0,0,63.9918313919,-22.6054263550,146.236938,0.111720,4.953873,179.986130,-29.936384,2.992135,-0.106290,-0.000004,2.516384,142.160736,-245.734604,4.953861,0.111729,4.953861,0.111729,-249.999863,-250.000000,146.236938,0.071530,-0.000436,192.857773,201.630783,-0.019430,-0.012747,-19.979549,0.000000
-0.400000,-0.150000,0.000000,0.000000,0.000000,0.000000,1.000000,0.000000,0,0,0,0,0,0,63.9918313919,-22.6054263550,146.236938,0.111667,4.953938,179.986130,-29.936172,2.991963,-0.114944,-0.000002,2.508327,142.142487,-245.752853,4.953932,0.111672,4.953932,0.111672,-249.999863,-250.000000,146.236938,0.068609,-0.000134,192.857773,201.376221,-0.019439,-0.011485,-16.764957,0.000000
-0.400000,-0.150000,0.000000,0.000000,0.000000,0.000000,1.000000,0.000000,0,0,0,0,0,0,63.9918313919,-22.6054263550,146.236938,0.111636,4.953971,179.986130,-29.936050,2.991740,-0.133663,-0.000001,2.503303,142.120087,-245.775253,4.953969,0.111638,4.953969,0.111638,-249.999863,-250.000000,146.236938,0.065043,-0.000034,192.857773,200.957275,-0.019449,-0.010050,-18.685909,0.000000
-0.400000,-0.150000,0.000000,0.000000,0.000000,0.000000,1.000000,0.000000,0,0,0,0,0,0,63.9918313919,-22.6054263550,146.236938,0.111625,4.953981,179.986130,-29.936010,2.991571,-0.156576,-0.000001,2.507127,142.104660,-245.790680,4.953980,0.111626,4.953980,0.111626,-249.999863,-250.000000,146.236938,0.062490,-0.000000,192.857773,200.580719,-0.019456,-0.009092,-14.796178,0.000000
-0.400000,-0.150000,0.000000,0.000000,0.000000,0.000000,1.000000,0.000000,0,0,0,0,0,0,63.9918313919,-22.6054263550,146.236938,0.111611,4.953988,179.986130,-29.935974,2.990724,-0.927764,-0.000000,2.494195,142.021851,-245.873489,4.953988,0.111611,4.953988,0.111611,-249.999863,-250.000000,146.236938,0.051154,0.000067,192.857773,198.085419,-0.019475,-0.005509,-15.711027,0.000000
-0.400000,-0.150000,0.000000,0.000000,0.000000,0.000000,1.000000,0.000000,0,0,0,0,0,0,63.9918313919,-22.6054263550,146.236938,0.111610,4.953989,179.986130,-29.935974,2.990357,-1.111774,-0.000000,2.496004,141.987320,-245.908020,4.953989,0.111610,4.953989,0.111610,-249.999863,-250.000000,146.236938,0.046904,0.000000,192.857773,196.801071,-0.019479,-0.004434,-14.488425,0.000000
-0.400000,-0.150000,0.000000,0.000000,0.000000,0.000000,1.000000,0.000000,0,0,0,0,0,0,63.9918313919,-22.6054263550,146.236938,0.111609,4.953989,179.986130,-29.935974,2.990012,-1.138052,-0.000000,2.496220,141.954529,-245.940826,4.953989,0.111609,4.953989,0.111609,-249.999863,-250.000000,146.236938,0.043223,0.000000,192.857773,195.549286,-0.019481,-0.003614,-7.117755,0.000000
-0.400000,-0.150000,0.000000,0.000000,0.000000,0.000000,1.000000,0.000000,0,0,0,0,0,0,63.9918313919,-22.6054263550,146.236938,0.111608,4.953989,179.986130,-29.935974,2.989723,-1.107022,-0.000000,2.497787,141.927338,-245.968002,4.953989,0.111608,4.953989,0.111608,-249.999863,-250.000000,146.236938,0.040366,0.000000,192.857773,194.503006,-0.019483,-0.003045,-18.699497,0.000000
-0.400000,-0.150000,0.000000,0.000000,0.000000,0.000000,1.000000,0.000000,0,0,0,0,0,0,63.9918313919,-22.6054263550,146.236938,0.111607,4.953989,179.986130,-29.935974,2.989448,-1.087608,-0.000000,2.498206,141.901306,-245.994034,4.953989,0.111607,4.953989,0.111607,-249.999863,-250.000000,146.236938,0.037823,0.000000,192.857773,193.531631,-0.019484,-0.002588,-19.043131,0.000000
-0.400000,-0.150000,0.000000,0.000000,0.000000,0.000000,1.000000,0.000000,0,0,0,0,0,0,63.9918313919,-22.6054263550,146.236938,0.111607,4.953989,179.986130,-29.935974,2.989180,-1.066731,-0.000000,2.498330,141.875900,-246.019440,4.953989,0.111607,4.953989,0.111607,-249.999863,-250.000000,146.236938,0.035500,0.000000,192.857773,192.625397,-0.019484,-0.002208,-9.364916,0.000000
-0.400000,-0.150000,0.000000,0.000000,0.000000,0.000000,1.000000,0.000000,0,0,0,0,0,0,63.9918313919,-22.6054263550,146.236938,0.111606,4.953989,179.986130,-29.935974,2.989039,-1.074097,-0.000000,2.506914,141.864044,-246.031296,4.953989,0.111606,4.953989,0.111606,-249.999863,-250.000000,146.236938,0.034335,0.000000,192.857773,192.169632,-0.019484,-0.002031,-14.997666,0.000000
-0.400000,-0.150000,0.000000,0.000000,0.000000,0.000000,1.000000,0.000000,0,0,0,0,0,0,63.9918313919,-22.6054263550,146.236938,0.111606,4.953989,179.986130,-29.935974,2.988955,-1.047707,-0.000000,2.513247,141.857208,-246.038132,4.953989,0.111606,4.953989,0.111606,-249.999863,-250.000000,146.236938,0.033655,0.000000,192.857773,191.904343,-0.019484,-0.001932,-19.764740,0.000000
-0.400000,-0.150000,0.000000,0.000000,0.000000,0.000000,1.000000,0.000000,0,0,0,0,0,0,63.9918313919,-22.6054263550,146.236938,0.111606,4.953989,179.986130,-29.935974,2.988814,-1.014437,-0.000000,2.509423,141.843094,-246.052246,4.953990,0.111610,4.953989,0.111606,-249.999863,-250.000000,146.236938,0.032551,-0.000000,192.857773,191.477081,-0.019485,-0.001777,-9.765297,0.000000
-0.400000,-0.150000,0.000000,0.000000,0.000000,0.000000,1.000000,0.000000,0,0,0,0,0,0,63.9918313919,-22.6054263550,146.236938,0.111605,4.953989,179.986130,-29.935974,2.988631,-1.002301,-0.000000,2.504374,141.824799,-246.070541,4.954022,0.111716,4.953989,0.111605,-249.999863,-250.000000,146.236938,0.031169,0.000000,192.857773,190.951950,-0.019485,-0.001594,-16.762085,0.000000
-0.400000,-0.150000,0.000000,0.000000,0.000000,0.000000,1.000000,0.000000,0,0,0,0,0,0,63.9918313919,-22.6054263550,146.236938,0.111605,4.953989,179.986130,-29.935974,2.988539,-1.029121,-0.000000,2.511745,141.817459,-246.077881,4.954054,0.111824,4.953989,0.111605,-249.999863,-250.000000,146.236938,0.030501,0.000000,192.857773,190.703201,-0.019485,-0.001510,-13.129126,0.000000
